2026-05-09 09:31:46 | INFO     | main:<module>:78 - Model başarıyla yüklendi. Özellik sayısı: 11
2026-05-09 09:31:49 | INFO     | agents:assess_risk:50 - Risk değerlendirmesi: acil (prob=0.75)
2026-05-09 09:31:49 | DEBUG    | agents:select_channel:72 - İletişim kanalı seçildi: 📞 Telefon + 📧 E-posta (Müşteri Temsilcisi Ataması)
2026-05-09 09:31:49 | DEBUG    | agents:generate_campaign:112 - Kampanya üretildi: Acil Elde Tutma Paketi
2026-05-09 09:31:49 | DEBUG    | agents:calculate_budget:134 - Bütçe hesaplandı: €500.0
2026-05-09 09:31:49 | INFO     | agents:run_agent:212 - Ajan akışı tamamlandı: Acil Elde Tutma Paketi (bütçe: €500)
2026-05-09 09:31:49 | INFO     | agents:assess_risk:50 - Risk değerlendirmesi: normal (prob=0.50)
2026-05-09 09:31:49 | DEBUG    | agents:select_channel:72 - İletişim kanalı seçildi: 📧 E-posta + 📱 Uygulama Bildirimi
2026-05-09 09:31:49 | DEBUG    | agents:generate_campaign:112 - Kampanya üretildi: Sadakat Kampanyası
2026-05-09 09:31:49 | DEBUG    | agents:calculate_budget:134 - Bütçe hesaplandı: €150.0
2026-05-09 09:31:49 | INFO     | agents:run_agent:212 - Ajan akışı tamamlandı: Sadakat Kampanyası (bütçe: €150)
2026-05-09 09:31:49 | INFO     | agents:assess_risk:50 - Risk değerlendirmesi: düşük (prob=0.20)
2026-05-09 09:31:49 | DEBUG    | agents:generate_campaign:112 - Kampanya üretildi: Rutin İletişim
2026-05-09 09:31:49 | DEBUG    | agents:calculate_budget:134 - Bütçe hesaplandı: €25.0
2026-05-09 09:31:49 | INFO     | agents:run_agent:212 - Ajan akışı tamamlandı: Rutin İletişim (bütçe: €25)
2026-05-09 09:31:50 | INFO     | main:batch_predict_churn:244 - Toplu tahmin: 2 müşteri, 1 yüksek riskli
2026-05-09 09:31:50 | DEBUG    | audit_service:log_event:51 - Denetim kaydı: batch_predict
2026-05-09 09:31:50 | INFO     | main:batch_predict_churn:244 - Toplu tahmin: 3 müşteri, 1 yüksek riskli
2026-05-09 09:31:50 | DEBUG    | audit_service:log_event:51 - Denetim kaydı: batch_predict
2026-05-09 09:31:50 | INFO     | agents:assess_risk:50 - Risk değerlendirmesi: acil (prob=0.85)
2026-05-09 09:31:50 | DEBUG    | agents:select_channel:72 - İletişim kanalı seçildi: 📞 Telefon + 📧 E-posta (Müşteri Temsilcisi Ataması)
2026-05-09 09:31:50 | DEBUG    | agents:generate_campaign:112 - Kampanya üretildi: Acil Elde Tutma Paketi
2026-05-09 09:31:50 | DEBUG    | agents:calculate_budget:134 - Bütçe hesaplandı: €500.0
2026-05-09 09:31:50 | INFO     | agents:run_agent:212 - Ajan akışı tamamlandı: Acil Elde Tutma Paketi (bütçe: €500)
2026-05-09 09:31:50 | INFO     | agents:assess_risk:50 - Risk değerlendirmesi: düşük (prob=0.15)
2026-05-09 09:31:50 | DEBUG    | agents:generate_campaign:112 - Kampanya üretildi: Rutin İletişim
2026-05-09 09:31:50 | DEBUG    | agents:calculate_budget:134 - Bütçe hesaplandı: €25.0
2026-05-09 09:31:50 | INFO     | agents:run_agent:212 - Ajan akışı tamamlandı: Rutin İletişim (bütçe: €25)
2026-05-09 09:31:50 | INFO     | drift_service:analyze_drift:123 - Drift analizi tamamlandı: 2 özellik analiz edildi
2026-05-09 09:31:50 | INFO     | data_privacy:detect_pii_columns:52 - Tespit edilen kişisel veri sütunları: ['Surname', 'CustomerId']
2026-05-09 09:31:50 | INFO     | data_privacy:detect_pii_columns:52 - Tespit edilen kişisel veri sütunları: ['Surname']
2026-05-09 09:31:50 | INFO     | data_privacy:anonymize_dataframe:113 - Anonimleştirme tamamlandı: 1 sütun maskelendi (yöntem: hash)
2026-05-09 09:31:50 | INFO     | data_privacy:detect_pii_columns:52 - Tespit edilen kişisel veri sütunları: ['Surname']
2026-05-09 09:31:50 | INFO     | data_privacy:anonymize_dataframe:113 - Anonimleştirme tamamlandı: 1 sütun maskelendi (yöntem: redact)
2026-05-09 09:31:50 | INFO     | data_privacy:detect_pii_columns:52 - Tespit edilen kişisel veri sütunları: ['Surname', 'CustomerId']
2026-05-09 09:31:50 | INFO     | data_privacy:anonymize_dataframe:113 - Anonimleştirme tamamlandı: 2 sütun maskelendi (yöntem: hash)
2026-05-09 09:31:50 | INFO     | data_privacy:detect_pii_columns:52 - Tespit edilen kişisel veri sütunları: ['Surname', 'CustomerId']
2026-05-09 09:31:50 | INFO     | data_privacy:generate_privacy_report:139 - Gizlilik raporu: 2 sütun maskelendi
2026-05-09 09:31:50 | DEBUG    | audit_service:log_event:51 - Denetim kaydı: test_event
2026-05-09 09:31:50 | DEBUG    | audit_service:log_event:51 - Denetim kaydı: login
2026-05-09 09:31:50 | DEBUG    | audit_service:log_event:51 - Denetim kaydı: predict
2026-05-09 09:31:50 | DEBUG    | audit_service:log_event:51 - Denetim kaydı: predict
2026-05-09 09:31:50 | DEBUG    | audit_service:log_event:51 - Denetim kaydı: test
2026-05-09 09:31:50 | INFO     | audit_service:clear_audit_log:124 - Denetim logu temizlendi
2026-05-09 09:32:33 | INFO     | main:<module>:78 - Model başarıyla yüklendi. Özellik sayısı: 11
2026-05-09 09:32:36 | INFO     | agents:assess_risk:50 - Risk değerlendirmesi: acil (prob=0.75)
2026-05-09 09:32:36 | DEBUG    | agents:select_channel:72 - İletişim kanalı seçildi: 📞 Telefon + 📧 E-posta (Müşteri Temsilcisi Ataması)
2026-05-09 09:32:36 | DEBUG    | agents:generate_campaign:112 - Kampanya üretildi: Acil Elde Tutma Paketi
2026-05-09 09:32:36 | DEBUG    | agents:calculate_budget:134 - Bütçe hesaplandı: €500.0
2026-05-09 09:32:36 | INFO     | agents:run_agent:212 - Ajan akışı tamamlandı: Acil Elde Tutma Paketi (bütçe: €500)
2026-05-09 09:32:36 | INFO     | agents:assess_risk:50 - Risk değerlendirmesi: normal (prob=0.50)
2026-05-09 09:32:36 | DEBUG    | agents:select_channel:72 - İletişim kanalı seçildi: 📧 E-posta + 📱 Uygulama Bildirimi
2026-05-09 09:32:36 | DEBUG    | agents:generate_campaign:112 - Kampanya üretildi: Sadakat Kampanyası
2026-05-09 09:32:36 | DEBUG    | agents:calculate_budget:134 - Bütçe hesaplandı: €150.0
2026-05-09 09:32:36 | INFO     | agents:run_agent:212 - Ajan akışı tamamlandı: Sadakat Kampanyası (bütçe: €150)
2026-05-09 09:32:36 | INFO     | agents:assess_risk:50 - Risk değerlendirmesi: düşük (prob=0.20)
2026-05-09 09:32:36 | DEBUG    | agents:generate_campaign:112 - Kampanya üretildi: Rutin İletişim
2026-05-09 09:32:36 | DEBUG    | agents:calculate_budget:134 - Bütçe hesaplandı: €25.0
2026-05-09 09:32:36 | INFO     | agents:run_agent:212 - Ajan akışı tamamlandı: Rutin İletişim (bütçe: €25)
2026-05-09 09:32:36 | INFO     | main:batch_predict_churn:244 - Toplu tahmin: 2 müşteri, 1 yüksek riskli
2026-05-09 09:32:36 | DEBUG    | audit_service:log_event:51 - Denetim kaydı: batch_predict
2026-05-09 09:32:36 | INFO     | main:batch_predict_churn:244 - Toplu tahmin: 3 müşteri, 1 yüksek riskli
2026-05-09 09:32:36 | DEBUG    | audit_service:log_event:51 - Denetim kaydı: batch_predict
2026-05-09 09:32:36 | INFO     | agents:assess_risk:50 - Risk değerlendirmesi: acil (prob=0.85)
2026-05-09 09:32:36 | DEBUG    | agents:select_channel:72 - İletişim kanalı seçildi: 📞 Telefon + 📧 E-posta (Müşteri Temsilcisi Ataması)
2026-05-09 09:32:36 | DEBUG    | agents:generate_campaign:112 - Kampanya üretildi: Acil Elde Tutma Paketi
2026-05-09 09:32:36 | DEBUG    | agents:calculate_budget:134 - Bütçe hesaplandı: €500.0
2026-05-09 09:32:36 | INFO     | agents:run_agent:212 - Ajan akışı tamamlandı: Acil Elde Tutma Paketi (bütçe: €500)
2026-05-09 09:32:36 | INFO     | agents:assess_risk:50 - Risk değerlendirmesi: düşük (prob=0.15)
2026-05-09 09:32:36 | DEBUG    | agents:generate_campaign:112 - Kampanya üretildi: Rutin İletişim
2026-05-09 09:32:36 | DEBUG    | agents:calculate_budget:134 - Bütçe hesaplandı: €25.0
2026-05-09 09:32:36 | INFO     | agents:run_agent:212 - Ajan akışı tamamlandı: Rutin İletişim (bütçe: €25)
2026-05-09 09:32:36 | INFO     | drift_service:analyze_drift:123 - Drift analizi tamamlandı: 2 özellik analiz edildi
2026-05-09 09:32:36 | INFO     | data_privacy:detect_pii_columns:52 - Tespit edilen kişisel veri sütunları: ['Surname', 'CustomerId']
2026-05-09 09:32:36 | INFO     | data_privacy:detect_pii_columns:52 - Tespit edilen kişisel veri sütunları: ['Surname']
2026-05-09 09:32:36 | INFO     | data_privacy:anonymize_dataframe:113 - Anonimleştirme tamamlandı: 1 sütun maskelendi (yöntem: hash)
2026-05-09 09:32:36 | INFO     | data_privacy:detect_pii_columns:52 - Tespit edilen kişisel veri sütunları: ['Surname']
2026-05-09 09:32:36 | INFO     | data_privacy:anonymize_dataframe:113 - Anonimleştirme tamamlandı: 1 sütun maskelendi (yöntem: redact)
2026-05-09 09:32:36 | INFO     | data_privacy:detect_pii_columns:52 - Tespit edilen kişisel veri sütunları: ['Surname', 'CustomerId']
2026-05-09 09:32:36 | INFO     | data_privacy:anonymize_dataframe:113 - Anonimleştirme tamamlandı: 2 sütun maskelendi (yöntem: hash)
2026-05-09 09:32:36 | INFO     | data_privacy:detect_pii_columns:52 - Tespit edilen kişisel veri sütunları: ['Surname', 'CustomerId']
2026-05-09 09:32:36 | INFO     | data_privacy:generate_privacy_report:139 - Gizlilik raporu: 2 sütun maskelendi
2026-05-09 09:32:36 | DEBUG    | audit_service:log_event:51 - Denetim kaydı: test_event
2026-05-09 09:32:36 | DEBUG    | audit_service:log_event:51 - Denetim kaydı: login
2026-05-09 09:32:36 | DEBUG    | audit_service:log_event:51 - Denetim kaydı: predict
2026-05-09 09:32:36 | DEBUG    | audit_service:log_event:51 - Denetim kaydı: predict
2026-05-09 09:32:36 | DEBUG    | audit_service:log_event:51 - Denetim kaydı: test
2026-05-09 09:32:36 | INFO     | audit_service:clear_audit_log:124 - Denetim logu temizlendi
2026-05-09 09:39:03 | INFO     | main:<module>:78 - Model başarıyla yüklendi. Özellik sayısı: 11
2026-05-09 09:39:03 | INFO     | agents.churn_agent:assess_risk:50 - Risk değerlendirmesi: acil (prob=0.75)
2026-05-09 09:39:03 | DEBUG    | agents.churn_agent:select_channel:72 - İletişim kanalı seçildi: 📞 Telefon + 📧 E-posta (Müşteri Temsilcisi Ataması)
2026-05-09 09:39:03 | DEBUG    | agents.churn_agent:generate_campaign:112 - Kampanya üretildi: Acil Elde Tutma Paketi
2026-05-09 09:39:03 | DEBUG    | agents.churn_agent:calculate_budget:134 - Bütçe hesaplandı: €500.0
2026-05-09 09:39:03 | INFO     | agents.churn_agent:run_agent:212 - Ajan akışı tamamlandı: Acil Elde Tutma Paketi (bütçe: €500)
2026-05-09 09:39:03 | INFO     | agents.churn_agent:assess_risk:50 - Risk değerlendirmesi: normal (prob=0.50)
2026-05-09 09:39:03 | DEBUG    | agents.churn_agent:select_channel:72 - İletişim kanalı seçildi: 📧 E-posta + 📱 Uygulama Bildirimi
2026-05-09 09:39:03 | DEBUG    | agents.churn_agent:generate_campaign:112 - Kampanya üretildi: Sadakat Kampanyası
2026-05-09 09:39:03 | DEBUG    | agents.churn_agent:calculate_budget:134 - Bütçe hesaplandı: €150.0
2026-05-09 09:39:03 | INFO     | agents.churn_agent:run_agent:212 - Ajan akışı tamamlandı: Sadakat Kampanyası (bütçe: €150)
2026-05-09 09:39:03 | INFO     | agents.churn_agent:assess_risk:50 - Risk değerlendirmesi: düşük (prob=0.20)
2026-05-09 09:39:03 | DEBUG    | agents.churn_agent:generate_campaign:112 - Kampanya üretildi: Rutin İletişim
2026-05-09 09:39:03 | DEBUG    | agents.churn_agent:calculate_budget:134 - Bütçe hesaplandı: €25.0
2026-05-09 09:39:03 | INFO     | agents.churn_agent:run_agent:212 - Ajan akışı tamamlandı: Rutin İletişim (bütçe: €25)
2026-05-09 09:39:03 | INFO     | main:batch_predict_churn:244 - Toplu tahmin: 2 müşteri, 1 yüksek riskli
2026-05-09 09:39:03 | DEBUG    | services.audit_service:log_event:51 - Denetim kaydı: batch_predict
2026-05-09 09:39:03 | INFO     | main:batch_predict_churn:244 - Toplu tahmin: 3 müşteri, 1 yüksek riskli
2026-05-09 09:39:03 | DEBUG    | services.audit_service:log_event:51 - Denetim kaydı: batch_predict
2026-05-09 09:39:04 | INFO     | agents.churn_agent:assess_risk:50 - Risk değerlendirmesi: acil (prob=0.85)
2026-05-09 09:39:04 | DEBUG    | agents.churn_agent:select_channel:72 - İletişim kanalı seçildi: 📞 Telefon + 📧 E-posta (Müşteri Temsilcisi Ataması)
2026-05-09 09:39:04 | DEBUG    | agents.churn_agent:generate_campaign:112 - Kampanya üretildi: Acil Elde Tutma Paketi
2026-05-09 09:39:04 | DEBUG    | agents.churn_agent:calculate_budget:134 - Bütçe hesaplandı: €500.0
2026-05-09 09:39:04 | INFO     | agents.churn_agent:run_agent:212 - Ajan akışı tamamlandı: Acil Elde Tutma Paketi (bütçe: €500)
2026-05-09 09:39:04 | INFO     | agents.churn_agent:assess_risk:50 - Risk değerlendirmesi: düşük (prob=0.15)
2026-05-09 09:39:04 | DEBUG    | agents.churn_agent:generate_campaign:112 - Kampanya üretildi: Rutin İletişim
2026-05-09 09:39:04 | DEBUG    | agents.churn_agent:calculate_budget:134 - Bütçe hesaplandı: €25.0
2026-05-09 09:39:04 | INFO     | agents.churn_agent:run_agent:212 - Ajan akışı tamamlandı: Rutin İletişim (bütçe: €25)
2026-05-09 09:39:04 | INFO     | services.drift_service:analyze_drift:123 - Drift analizi tamamlandı: 2 özellik analiz edildi
2026-05-09 09:39:04 | INFO     | services.data_privacy:detect_pii_columns:52 - Tespit edilen kişisel veri sütunları: ['Surname', 'CustomerId']
2026-05-09 09:39:04 | INFO     | services.data_privacy:detect_pii_columns:52 - Tespit edilen kişisel veri sütunları: ['Surname']
2026-05-09 09:39:04 | INFO     | services.data_privacy:anonymize_dataframe:113 - Anonimleştirme tamamlandı: 1 sütun maskelendi (yöntem: hash)
2026-05-09 09:39:04 | INFO     | services.data_privacy:detect_pii_columns:52 - Tespit edilen kişisel veri sütunları: ['Surname']
2026-05-09 09:39:04 | INFO     | services.data_privacy:anonymize_dataframe:113 - Anonimleştirme tamamlandı: 1 sütun maskelendi (yöntem: redact)
2026-05-09 09:39:04 | INFO     | services.data_privacy:detect_pii_columns:52 - Tespit edilen kişisel veri sütunları: ['Surname', 'CustomerId']
2026-05-09 09:39:04 | INFO     | services.data_privacy:anonymize_dataframe:113 - Anonimleştirme tamamlandı: 2 sütun maskelendi (yöntem: hash)
2026-05-09 09:39:04 | INFO     | services.data_privacy:detect_pii_columns:52 - Tespit edilen kişisel veri sütunları: ['Surname', 'CustomerId']
2026-05-09 09:39:04 | INFO     | services.data_privacy:generate_privacy_report:139 - Gizlilik raporu: 2 sütun maskelendi
2026-05-09 09:39:04 | DEBUG    | services.audit_service:log_event:51 - Denetim kaydı: test_event
2026-05-09 09:39:04 | DEBUG    | services.audit_service:log_event:51 - Denetim kaydı: login
2026-05-09 09:39:04 | DEBUG    | services.audit_service:log_event:51 - Denetim kaydı: predict
2026-05-09 09:39:04 | DEBUG    | services.audit_service:log_event:51 - Denetim kaydı: predict
2026-05-09 09:39:04 | DEBUG    | services.audit_service:log_event:51 - Denetim kaydı: test
2026-05-09 09:39:04 | INFO     | services.audit_service:clear_audit_log:124 - Denetim logu temizlendi
2026-05-09 09:40:49 | INFO     | main:<module>:78 - Model başarıyla yüklendi. Özellik sayısı: 11
2026-05-09 09:40:51 | INFO     | agents.churn_agent:assess_risk:50 - Risk değerlendirmesi: acil (prob=0.75)
2026-05-09 09:40:51 | DEBUG    | agents.churn_agent:select_channel:72 - İletişim kanalı seçildi: 📞 Telefon + 📧 E-posta (Müşteri Temsilcisi Ataması)
2026-05-09 09:40:51 | DEBUG    | agents.churn_agent:generate_campaign:112 - Kampanya üretildi: Acil Elde Tutma Paketi
2026-05-09 09:40:51 | DEBUG    | agents.churn_agent:calculate_budget:134 - Bütçe hesaplandı: €500.0
2026-05-09 09:40:51 | INFO     | agents.churn_agent:run_agent:212 - Ajan akışı tamamlandı: Acil Elde Tutma Paketi (bütçe: €500)
2026-05-09 09:40:51 | INFO     | agents.churn_agent:assess_risk:50 - Risk değerlendirmesi: normal (prob=0.50)
2026-05-09 09:40:51 | DEBUG    | agents.churn_agent:select_channel:72 - İletişim kanalı seçildi: 📧 E-posta + 📱 Uygulama Bildirimi
2026-05-09 09:40:51 | DEBUG    | agents.churn_agent:generate_campaign:112 - Kampanya üretildi: Sadakat Kampanyası
2026-05-09 09:40:51 | DEBUG    | agents.churn_agent:calculate_budget:134 - Bütçe hesaplandı: €150.0
2026-05-09 09:40:51 | INFO     | agents.churn_agent:run_agent:212 - Ajan akışı tamamlandı: Sadakat Kampanyası (bütçe: €150)
2026-05-09 09:40:51 | INFO     | agents.churn_agent:assess_risk:50 - Risk değerlendirmesi: düşük (prob=0.20)
2026-05-09 09:40:51 | DEBUG    | agents.churn_agent:generate_campaign:112 - Kampanya üretildi: Rutin İletişim
2026-05-09 09:40:51 | DEBUG    | agents.churn_agent:calculate_budget:134 - Bütçe hesaplandı: €25.0
2026-05-09 09:40:51 | INFO     | agents.churn_agent:run_agent:212 - Ajan akışı tamamlandı: Rutin İletişim (bütçe: €25)
2026-05-09 09:40:51 | INFO     | main:batch_predict_churn:244 - Toplu tahmin: 2 müşteri, 1 yüksek riskli
2026-05-09 09:40:51 | DEBUG    | services.audit_service:log_event:51 - Denetim kaydı: batch_predict
2026-05-09 09:40:51 | INFO     | main:batch_predict_churn:244 - Toplu tahmin: 3 müşteri, 1 yüksek riskli
2026-05-09 09:40:51 | DEBUG    | services.audit_service:log_event:51 - Denetim kaydı: batch_predict
2026-05-09 09:40:52 | INFO     | agents.churn_agent:assess_risk:50 - Risk değerlendirmesi: acil (prob=0.85)
2026-05-09 09:40:52 | DEBUG    | agents.churn_agent:select_channel:72 - İletişim kanalı seçildi: 📞 Telefon + 📧 E-posta (Müşteri Temsilcisi Ataması)
2026-05-09 09:40:52 | DEBUG    | agents.churn_agent:generate_campaign:112 - Kampanya üretildi: Acil Elde Tutma Paketi
2026-05-09 09:40:52 | DEBUG    | agents.churn_agent:calculate_budget:134 - Bütçe hesaplandı: €500.0
2026-05-09 09:40:52 | INFO     | agents.churn_agent:run_agent:212 - Ajan akışı tamamlandı: Acil Elde Tutma Paketi (bütçe: €500)
2026-05-09 09:40:52 | INFO     | agents.churn_agent:assess_risk:50 - Risk değerlendirmesi: düşük (prob=0.15)
2026-05-09 09:40:52 | DEBUG    | agents.churn_agent:generate_campaign:112 - Kampanya üretildi: Rutin İletişim
2026-05-09 09:40:52 | DEBUG    | agents.churn_agent:calculate_budget:134 - Bütçe hesaplandı: €25.0
2026-05-09 09:40:52 | INFO     | agents.churn_agent:run_agent:212 - Ajan akışı tamamlandı: Rutin İletişim (bütçe: €25)
2026-05-09 09:40:52 | INFO     | services.drift_service:analyze_drift:123 - Drift analizi tamamlandı: 2 özellik analiz edildi
2026-05-09 09:40:52 | INFO     | services.data_privacy:detect_pii_columns:52 - Tespit edilen kişisel veri sütunları: ['Surname', 'CustomerId']
2026-05-09 09:40:52 | INFO     | services.data_privacy:detect_pii_columns:52 - Tespit edilen kişisel veri sütunları: ['Surname']
2026-05-09 09:40:52 | INFO     | services.data_privacy:anonymize_dataframe:113 - Anonimleştirme tamamlandı: 1 sütun maskelendi (yöntem: hash)
2026-05-09 09:40:52 | INFO     | services.data_privacy:detect_pii_columns:52 - Tespit edilen kişisel veri sütunları: ['Surname']
2026-05-09 09:40:52 | INFO     | services.data_privacy:anonymize_dataframe:113 - Anonimleştirme tamamlandı: 1 sütun maskelendi (yöntem: redact)
2026-05-09 09:40:52 | INFO     | services.data_privacy:detect_pii_columns:52 - Tespit edilen kişisel veri sütunları: ['Surname', 'CustomerId']
2026-05-09 09:40:52 | INFO     | services.data_privacy:anonymize_dataframe:113 - Anonimleştirme tamamlandı: 2 sütun maskelendi (yöntem: hash)
2026-05-09 09:40:52 | INFO     | services.data_privacy:detect_pii_columns:52 - Tespit edilen kişisel veri sütunları: ['Surname', 'CustomerId']
2026-05-09 09:40:52 | INFO     | services.data_privacy:generate_privacy_report:139 - Gizlilik raporu: 2 sütun maskelendi
2026-05-09 09:40:52 | DEBUG    | services.audit_service:log_event:51 - Denetim kaydı: test_event
2026-05-09 09:40:52 | DEBUG    | services.audit_service:log_event:51 - Denetim kaydı: login
2026-05-09 09:40:52 | DEBUG    | services.audit_service:log_event:51 - Denetim kaydı: predict
2026-05-09 09:40:52 | DEBUG    | services.audit_service:log_event:51 - Denetim kaydı: predict
2026-05-09 09:40:52 | DEBUG    | services.audit_service:log_event:51 - Denetim kaydı: test
2026-05-09 09:40:52 | INFO     | services.audit_service:clear_audit_log:124 - Denetim logu temizlendi
2026-05-09 09:43:28 | INFO     | main:<module>:78 - Model başarıyla yüklendi. Özellik sayısı: 11
2026-05-09 09:43:32 | INFO     | agents.churn_agent:assess_risk:50 - Risk değerlendirmesi: acil (prob=0.75)
2026-05-09 09:43:32 | DEBUG    | agents.churn_agent:select_channel:72 - İletişim kanalı seçildi: 📞 Telefon + 📧 E-posta (Müşteri Temsilcisi Ataması)
2026-05-09 09:43:32 | DEBUG    | agents.churn_agent:generate_campaign:112 - Kampanya üretildi: Acil Elde Tutma Paketi
2026-05-09 09:43:32 | DEBUG    | agents.churn_agent:calculate_budget:134 - Bütçe hesaplandı: €500.0
2026-05-09 09:43:32 | INFO     | agents.churn_agent:run_agent:212 - Ajan akışı tamamlandı: Acil Elde Tutma Paketi (bütçe: €500)
2026-05-09 09:43:32 | INFO     | agents.churn_agent:assess_risk:50 - Risk değerlendirmesi: normal (prob=0.50)
2026-05-09 09:43:32 | DEBUG    | agents.churn_agent:select_channel:72 - İletişim kanalı seçildi: 📧 E-posta + 📱 Uygulama Bildirimi
2026-05-09 09:43:32 | DEBUG    | agents.churn_agent:generate_campaign:112 - Kampanya üretildi: Sadakat Kampanyası
2026-05-09 09:43:32 | DEBUG    | agents.churn_agent:calculate_budget:134 - Bütçe hesaplandı: €150.0
2026-05-09 09:43:32 | INFO     | agents.churn_agent:run_agent:212 - Ajan akışı tamamlandı: Sadakat Kampanyası (bütçe: €150)
2026-05-09 09:43:32 | INFO     | agents.churn_agent:assess_risk:50 - Risk değerlendirmesi: düşük (prob=0.20)
2026-05-09 09:43:32 | DEBUG    | agents.churn_agent:generate_campaign:112 - Kampanya üretildi: Rutin İletişim
2026-05-09 09:43:32 | DEBUG    | agents.churn_agent:calculate_budget:134 - Bütçe hesaplandı: €25.0
2026-05-09 09:43:32 | INFO     | agents.churn_agent:run_agent:212 - Ajan akışı tamamlandı: Rutin İletişim (bütçe: €25)
2026-05-09 09:43:33 | INFO     | main:batch_predict_churn:244 - Toplu tahmin: 2 müşteri, 1 yüksek riskli
2026-05-09 09:43:33 | DEBUG    | services.audit_service:log_event:51 - Denetim kaydı: batch_predict
2026-05-09 09:43:33 | INFO     | main:batch_predict_churn:244 - Toplu tahmin: 3 müşteri, 1 yüksek riskli
2026-05-09 09:43:33 | DEBUG    | services.audit_service:log_event:51 - Denetim kaydı: batch_predict
2026-05-09 09:43:33 | INFO     | agents.churn_agent:assess_risk:50 - Risk değerlendirmesi: acil (prob=0.85)
2026-05-09 09:43:33 | DEBUG    | agents.churn_agent:select_channel:72 - İletişim kanalı seçildi: 📞 Telefon + 📧 E-posta (Müşteri Temsilcisi Ataması)
2026-05-09 09:43:33 | DEBUG    | agents.churn_agent:generate_campaign:112 - Kampanya üretildi: Acil Elde Tutma Paketi
2026-05-09 09:43:33 | DEBUG    | agents.churn_agent:calculate_budget:134 - Bütçe hesaplandı: €500.0
2026-05-09 09:43:33 | INFO     | agents.churn_agent:run_agent:212 - Ajan akışı tamamlandı: Acil Elde Tutma Paketi (bütçe: €500)
2026-05-09 09:43:33 | INFO     | agents.churn_agent:assess_risk:50 - Risk değerlendirmesi: düşük (prob=0.15)
2026-05-09 09:43:33 | DEBUG    | agents.churn_agent:generate_campaign:112 - Kampanya üretildi: Rutin İletişim
2026-05-09 09:43:33 | DEBUG    | agents.churn_agent:calculate_budget:134 - Bütçe hesaplandı: €25.0
2026-05-09 09:43:33 | INFO     | agents.churn_agent:run_agent:212 - Ajan akışı tamamlandı: Rutin İletişim (bütçe: €25)
2026-05-09 09:43:33 | INFO     | services.drift_service:analyze_drift:123 - Drift analizi tamamlandı: 2 özellik analiz edildi
2026-05-09 09:43:33 | INFO     | services.data_privacy:detect_pii_columns:52 - Tespit edilen kişisel veri sütunları: ['Surname', 'CustomerId']
2026-05-09 09:43:33 | INFO     | services.data_privacy:detect_pii_columns:52 - Tespit edilen kişisel veri sütunları: ['Surname']
2026-05-09 09:43:33 | INFO     | services.data_privacy:anonymize_dataframe:113 - Anonimleştirme tamamlandı: 1 sütun maskelendi (yöntem: hash)
2026-05-09 09:43:33 | INFO     | services.data_privacy:detect_pii_columns:52 - Tespit edilen kişisel veri sütunları: ['Surname']
2026-05-09 09:43:33 | INFO     | services.data_privacy:anonymize_dataframe:113 - Anonimleştirme tamamlandı: 1 sütun maskelendi (yöntem: redact)
2026-05-09 09:43:33 | INFO     | services.data_privacy:detect_pii_columns:52 - Tespit edilen kişisel veri sütunları: ['Surname', 'CustomerId']
2026-05-09 09:43:33 | INFO     | services.data_privacy:anonymize_dataframe:113 - Anonimleştirme tamamlandı: 2 sütun maskelendi (yöntem: hash)
2026-05-09 09:43:33 | INFO     | services.data_privacy:detect_pii_columns:52 - Tespit edilen kişisel veri sütunları: ['Surname', 'CustomerId']
2026-05-09 09:43:33 | INFO     | services.data_privacy:generate_privacy_report:139 - Gizlilik raporu: 2 sütun maskelendi
2026-05-09 09:43:33 | DEBUG    | services.audit_service:log_event:51 - Denetim kaydı: test_event
2026-05-09 09:43:33 | DEBUG    | services.audit_service:log_event:51 - Denetim kaydı: login
2026-05-09 09:43:33 | DEBUG    | services.audit_service:log_event:51 - Denetim kaydı: predict
2026-05-09 09:43:33 | DEBUG    | services.audit_service:log_event:51 - Denetim kaydı: predict
2026-05-09 09:43:33 | DEBUG    | services.audit_service:log_event:51 - Denetim kaydı: test
2026-05-09 09:43:33 | INFO     | services.audit_service:clear_audit_log:124 - Denetim logu temizlendi
2026-05-09 09:50:21 | INFO     | main:<module>:78 - Model başarıyla yüklendi. Özellik sayısı: 11
2026-05-09 09:50:31 | INFO     | agents.churn_agent:assess_risk:50 - Risk değerlendirmesi: acil (prob=0.75)
2026-05-09 09:50:31 | DEBUG    | agents.churn_agent:select_channel:72 - İletişim kanalı seçildi: 📞 Telefon + 📧 E-posta (Müşteri Temsilcisi Ataması)
2026-05-09 09:50:31 | DEBUG    | agents.churn_agent:generate_campaign:112 - Kampanya üretildi: Acil Elde Tutma Paketi
2026-05-09 09:50:31 | DEBUG    | agents.churn_agent:calculate_budget:134 - Bütçe hesaplandı: €500.0
2026-05-09 09:50:31 | INFO     | agents.churn_agent:run_agent:212 - Ajan akışı tamamlandı: Acil Elde Tutma Paketi (bütçe: €500)
2026-05-09 09:50:31 | INFO     | agents.churn_agent:assess_risk:50 - Risk değerlendirmesi: normal (prob=0.50)
2026-05-09 09:50:31 | DEBUG    | agents.churn_agent:select_channel:72 - İletişim kanalı seçildi: 📧 E-posta + 📱 Uygulama Bildirimi
2026-05-09 09:50:31 | DEBUG    | agents.churn_agent:generate_campaign:112 - Kampanya üretildi: Sadakat Kampanyası
2026-05-09 09:50:31 | DEBUG    | agents.churn_agent:calculate_budget:134 - Bütçe hesaplandı: €150.0
2026-05-09 09:50:31 | INFO     | agents.churn_agent:run_agent:212 - Ajan akışı tamamlandı: Sadakat Kampanyası (bütçe: €150)
2026-05-09 09:50:31 | INFO     | agents.churn_agent:assess_risk:50 - Risk değerlendirmesi: düşük (prob=0.20)
2026-05-09 09:50:31 | DEBUG    | agents.churn_agent:generate_campaign:112 - Kampanya üretildi: Rutin İletişim
2026-05-09 09:50:31 | DEBUG    | agents.churn_agent:calculate_budget:134 - Bütçe hesaplandı: €25.0
2026-05-09 09:50:31 | INFO     | agents.churn_agent:run_agent:212 - Ajan akışı tamamlandı: Rutin İletişim (bütçe: €25)
2026-05-09 09:50:31 | INFO     | main:batch_predict_churn:244 - Toplu tahmin: 2 müşteri, 1 yüksek riskli
2026-05-09 09:50:31 | DEBUG    | services.audit_service:log_event:51 - Denetim kaydı: batch_predict
2026-05-09 09:50:31 | INFO     | main:batch_predict_churn:244 - Toplu tahmin: 3 müşteri, 1 yüksek riskli
2026-05-09 09:50:31 | DEBUG    | services.audit_service:log_event:51 - Denetim kaydı: batch_predict
2026-05-09 09:50:32 | WARNING  | services.eda_service:load_default_dataset:44 - Veri seti bulunamadı: olmayan_dosya.csv
2026-05-09 09:50:32 | DEBUG    | services.eda_service:create_correlation_heatmap:80 - Korelasyon ısı haritası oluşturuldu
2026-05-09 09:50:34 | DEBUG    | services.eda_service:create_distribution_histograms:138 - Dağılım histogramları oluşturuldu
2026-05-09 09:50:34 | DEBUG    | services.eda_service:get_summary_statistics:305 - Özet istatistikler hesaplandı: 3 müşteri
2026-05-09 09:50:34 | INFO     | agents.churn_agent:assess_risk:50 - Risk değerlendirmesi: acil (prob=0.85)
2026-05-09 09:50:34 | DEBUG    | agents.churn_agent:select_channel:72 - İletişim kanalı seçildi: 📞 Telefon + 📧 E-posta (Müşteri Temsilcisi Ataması)
2026-05-09 09:50:34 | DEBUG    | agents.churn_agent:generate_campaign:112 - Kampanya üretildi: Acil Elde Tutma Paketi
2026-05-09 09:50:34 | DEBUG    | agents.churn_agent:calculate_budget:134 - Bütçe hesaplandı: €500.0
2026-05-09 09:50:34 | INFO     | agents.churn_agent:run_agent:212 - Ajan akışı tamamlandı: Acil Elde Tutma Paketi (bütçe: €500)
2026-05-09 09:50:34 | INFO     | agents.churn_agent:assess_risk:50 - Risk değerlendirmesi: düşük (prob=0.15)
2026-05-09 09:50:34 | DEBUG    | agents.churn_agent:generate_campaign:112 - Kampanya üretildi: Rutin İletişim
2026-05-09 09:50:34 | DEBUG    | agents.churn_agent:calculate_budget:134 - Bütçe hesaplandı: €25.0
2026-05-09 09:50:34 | INFO     | agents.churn_agent:run_agent:212 - Ajan akışı tamamlandı: Rutin İletişim (bütçe: €25)
2026-05-09 09:50:36 | DEBUG    | services.segmentation_service:find_optimal_k:67 - Elbow grafiği oluşturuldu
2026-05-09 09:50:36 | INFO     | services.segmentation_service:perform_segmentation:100 - Segmentasyon tamamlandı: 3 küme, 50 müşteri
2026-05-09 09:50:36 | INFO     | services.segmentation_service:perform_segmentation:100 - Segmentasyon tamamlandı: 2 küme, 50 müşteri
2026-05-09 09:50:37 | DEBUG    | services.segmentation_service:create_segment_summary_table:228 - Segment özet tablosu oluşturuldu
2026-05-09 09:50:37 | INFO     | services.drift_service:analyze_drift:123 - Drift analizi tamamlandı: 2 özellik analiz edildi
2026-05-09 09:50:37 | INFO     | services.data_privacy:detect_pii_columns:52 - Tespit edilen kişisel veri sütunları: ['Surname', 'CustomerId']
2026-05-09 09:50:37 | INFO     | services.data_privacy:detect_pii_columns:52 - Tespit edilen kişisel veri sütunları: ['Surname']
2026-05-09 09:50:37 | INFO     | services.data_privacy:anonymize_dataframe:113 - Anonimleştirme tamamlandı: 1 sütun maskelendi (yöntem: hash)
2026-05-09 09:50:37 | INFO     | services.data_privacy:detect_pii_columns:52 - Tespit edilen kişisel veri sütunları: ['Surname']
2026-05-09 09:50:37 | INFO     | services.data_privacy:anonymize_dataframe:113 - Anonimleştirme tamamlandı: 1 sütun maskelendi (yöntem: redact)
2026-05-09 09:50:37 | INFO     | services.data_privacy:detect_pii_columns:52 - Tespit edilen kişisel veri sütunları: ['Surname', 'CustomerId']
2026-05-09 09:50:37 | INFO     | services.data_privacy:anonymize_dataframe:113 - Anonimleştirme tamamlandı: 2 sütun maskelendi (yöntem: hash)
2026-05-09 09:50:37 | INFO     | services.data_privacy:detect_pii_columns:52 - Tespit edilen kişisel veri sütunları: ['Surname', 'CustomerId']
2026-05-09 09:50:37 | INFO     | services.data_privacy:generate_privacy_report:139 - Gizlilik raporu: 2 sütun maskelendi
2026-05-09 09:50:37 | DEBUG    | services.audit_service:log_event:51 - Denetim kaydı: test_event
2026-05-09 09:50:37 | DEBUG    | services.audit_service:log_event:51 - Denetim kaydı: login
2026-05-09 09:50:37 | DEBUG    | services.audit_service:log_event:51 - Denetim kaydı: predict
2026-05-09 09:50:37 | DEBUG    | services.audit_service:log_event:51 - Denetim kaydı: predict
2026-05-09 09:50:37 | DEBUG    | services.audit_service:log_event:51 - Denetim kaydı: test
2026-05-09 09:50:37 | INFO     | services.audit_service:clear_audit_log:124 - Denetim logu temizlendi
2026-05-09 09:51:48 | INFO     | __main__:run_qa_checks:42 - Çalıştırılıyor: Test suite...
2026-05-09 09:52:00 | INFO     | main:<module>:78 - Model başarıyla yüklendi. Özellik sayısı: 11
2026-05-09 09:52:00 | INFO     | agents.churn_agent:assess_risk:50 - Risk değerlendirmesi: acil (prob=0.75)
2026-05-09 09:52:00 | DEBUG    | agents.churn_agent:select_channel:72 - İletişim kanalı seçildi: 📞 Telefon + 📧 E-posta (Müşteri Temsilcisi Ataması)
2026-05-09 09:52:00 | DEBUG    | agents.churn_agent:generate_campaign:112 - Kampanya üretildi: Acil Elde Tutma Paketi
2026-05-09 09:52:00 | DEBUG    | agents.churn_agent:calculate_budget:134 - Bütçe hesaplandı: €500.0
2026-05-09 09:52:00 | INFO     | agents.churn_agent:run_agent:212 - Ajan akışı tamamlandı: Acil Elde Tutma Paketi (bütçe: €500)
2026-05-09 09:52:00 | INFO     | agents.churn_agent:assess_risk:50 - Risk değerlendirmesi: normal (prob=0.50)
2026-05-09 09:52:00 | DEBUG    | agents.churn_agent:select_channel:72 - İletişim kanalı seçildi: 📧 E-posta + 📱 Uygulama Bildirimi
2026-05-09 09:52:00 | DEBUG    | agents.churn_agent:generate_campaign:112 - Kampanya üretildi: Sadakat Kampanyası
2026-05-09 09:52:00 | DEBUG    | agents.churn_agent:calculate_budget:134 - Bütçe hesaplandı: €150.0
2026-05-09 09:52:00 | INFO     | agents.churn_agent:run_agent:212 - Ajan akışı tamamlandı: Sadakat Kampanyası (bütçe: €150)
2026-05-09 09:52:00 | INFO     | agents.churn_agent:assess_risk:50 - Risk değerlendirmesi: düşük (prob=0.20)
2026-05-09 09:52:00 | DEBUG    | agents.churn_agent:generate_campaign:112 - Kampanya üretildi: Rutin İletişim
2026-05-09 09:52:00 | DEBUG    | agents.churn_agent:calculate_budget:134 - Bütçe hesaplandı: €25.0
2026-05-09 09:52:00 | INFO     | agents.churn_agent:run_agent:212 - Ajan akışı tamamlandı: Rutin İletişim (bütçe: €25)
2026-05-09 09:52:00 | INFO     | main:batch_predict_churn:244 - Toplu tahmin: 2 müşteri, 1 yüksek riskli
2026-05-09 09:52:00 | DEBUG    | services.audit_service:log_event:51 - Denetim kaydı: batch_predict
2026-05-09 09:52:00 | INFO     | main:batch_predict_churn:244 - Toplu tahmin: 3 müşteri, 1 yüksek riskli
2026-05-09 09:52:00 | DEBUG    | services.audit_service:log_event:51 - Denetim kaydı: batch_predict
2026-05-09 09:52:01 | WARNING  | services.eda_service:load_default_dataset:44 - Veri seti bulunamadı: olmayan_dosya.csv
2026-05-09 09:52:01 | DEBUG    | services.eda_service:create_correlation_heatmap:80 - Korelasyon ısı haritası oluşturuldu
2026-05-09 09:52:01 | DEBUG    | services.eda_service:create_distribution_histograms:138 - Dağılım histogramları oluşturuldu
2026-05-09 09:52:01 | DEBUG    | services.eda_service:get_summary_statistics:305 - Özet istatistikler hesaplandı: 3 müşteri
2026-05-09 09:52:01 | INFO     | agents.churn_agent:assess_risk:50 - Risk değerlendirmesi: acil (prob=0.85)
2026-05-09 09:52:01 | DEBUG    | agents.churn_agent:select_channel:72 - İletişim kanalı seçildi: 📞 Telefon + 📧 E-posta (Müşteri Temsilcisi Ataması)
2026-05-09 09:52:01 | DEBUG    | agents.churn_agent:generate_campaign:112 - Kampanya üretildi: Acil Elde Tutma Paketi
2026-05-09 09:52:01 | DEBUG    | agents.churn_agent:calculate_budget:134 - Bütçe hesaplandı: €500.0
2026-05-09 09:52:01 | INFO     | agents.churn_agent:run_agent:212 - Ajan akışı tamamlandı: Acil Elde Tutma Paketi (bütçe: €500)
2026-05-09 09:52:01 | INFO     | agents.churn_agent:assess_risk:50 - Risk değerlendirmesi: düşük (prob=0.15)
2026-05-09 09:52:01 | DEBUG    | agents.churn_agent:generate_campaign:112 - Kampanya üretildi: Rutin İletişim
2026-05-09 09:52:01 | DEBUG    | agents.churn_agent:calculate_budget:134 - Bütçe hesaplandı: €25.0
2026-05-09 09:52:01 | INFO     | agents.churn_agent:run_agent:212 - Ajan akışı tamamlandı: Rutin İletişim (bütçe: €25)
2026-05-09 09:52:01 | INFO     | services.model_metrics_service:compute_all_metrics:76 - Model metrikleri hesaplandı — F1: 0.6667, ROC-AUC: 1.0000
2026-05-09 09:52:02 | DEBUG    | services.segmentation_service:find_optimal_k:67 - Elbow grafiği oluşturuldu
2026-05-09 09:52:02 | INFO     | services.segmentation_service:perform_segmentation:100 - Segmentasyon tamamlandı: 3 küme, 50 müşteri
2026-05-09 09:52:02 | INFO     | services.segmentation_service:perform_segmentation:100 - Segmentasyon tamamlandı: 2 küme, 50 müşteri
2026-05-09 09:52:02 | DEBUG    | services.segmentation_service:create_segment_summary_table:228 - Segment özet tablosu oluşturuldu
2026-05-09 09:52:02 | INFO     | services.drift_service:analyze_drift:123 - Drift analizi tamamlandı: 2 özellik analiz edildi
2026-05-09 09:52:02 | INFO     | services.data_privacy:detect_pii_columns:52 - Tespit edilen kişisel veri sütunları: ['Surname', 'CustomerId']
2026-05-09 09:52:02 | INFO     | services.data_privacy:detect_pii_columns:52 - Tespit edilen kişisel veri sütunları: ['Surname']
2026-05-09 09:52:02 | INFO     | services.data_privacy:anonymize_dataframe:113 - Anonimleştirme tamamlandı: 1 sütun maskelendi (yöntem: hash)
2026-05-09 09:52:02 | INFO     | services.data_privacy:detect_pii_columns:52 - Tespit edilen kişisel veri sütunları: ['Surname']
2026-05-09 09:52:02 | INFO     | services.data_privacy:anonymize_dataframe:113 - Anonimleştirme tamamlandı: 1 sütun maskelendi (yöntem: redact)
2026-05-09 09:52:02 | INFO     | services.data_privacy:detect_pii_columns:52 - Tespit edilen kişisel veri sütunları: ['Surname', 'CustomerId']
2026-05-09 09:52:02 | INFO     | services.data_privacy:anonymize_dataframe:113 - Anonimleştirme tamamlandı: 2 sütun maskelendi (yöntem: hash)
2026-05-09 09:52:02 | INFO     | services.data_privacy:detect_pii_columns:52 - Tespit edilen kişisel veri sütunları: ['Surname', 'CustomerId']
2026-05-09 09:52:02 | INFO     | services.data_privacy:generate_privacy_report:139 - Gizlilik raporu: 2 sütun maskelendi
2026-05-09 09:52:02 | DEBUG    | services.audit_service:log_event:51 - Denetim kaydı: test_event
2026-05-09 09:52:02 | DEBUG    | services.audit_service:log_event:51 - Denetim kaydı: login
2026-05-09 09:52:02 | DEBUG    | services.audit_service:log_event:51 - Denetim kaydı: predict
2026-05-09 09:52:02 | DEBUG    | services.audit_service:log_event:51 - Denetim kaydı: predict
2026-05-09 09:52:02 | DEBUG    | services.audit_service:log_event:51 - Denetim kaydı: test
2026-05-09 09:52:02 | INFO     | services.audit_service:clear_audit_log:124 - Denetim logu temizlendi
2026-05-09 09:52:02 | INFO     | __main__:run_qa_checks:57 - Çalıştırılıyor: Model metrikleri...
2026-05-09 09:52:02 | INFO     | __main__:run_qa_checks:112 - Çalıştırılıyor: API yanıt süresi...
2026-05-09 09:52:02 | SUCCESS  | __main__:run_qa_checks:176 - QA raporu oluşturuldu: C:\Users\Furkan\Desktop\bank_churn_prediction\bank-churn-prediction-main\QA_REPORT.md
2026-05-09 09:52:59 | INFO     | main:<module>:78 - Model başarıyla yüklendi. Özellik sayısı: 11
2026-05-09 09:53:07 | INFO     | agents.churn_agent:assess_risk:50 - Risk değerlendirmesi: acil (prob=0.75)
2026-05-09 09:53:07 | DEBUG    | agents.churn_agent:select_channel:72 - İletişim kanalı seçildi: 📞 Telefon + 📧 E-posta (Müşteri Temsilcisi Ataması)
2026-05-09 09:53:07 | DEBUG    | agents.churn_agent:generate_campaign:112 - Kampanya üretildi: Acil Elde Tutma Paketi
2026-05-09 09:53:07 | DEBUG    | agents.churn_agent:calculate_budget:134 - Bütçe hesaplandı: €500.0
2026-05-09 09:53:07 | INFO     | agents.churn_agent:run_agent:212 - Ajan akışı tamamlandı: Acil Elde Tutma Paketi (bütçe: €500)
2026-05-09 09:53:07 | INFO     | agents.churn_agent:assess_risk:50 - Risk değerlendirmesi: normal (prob=0.50)
2026-05-09 09:53:07 | DEBUG    | agents.churn_agent:select_channel:72 - İletişim kanalı seçildi: 📧 E-posta + 📱 Uygulama Bildirimi
2026-05-09 09:53:07 | DEBUG    | agents.churn_agent:generate_campaign:112 - Kampanya üretildi: Sadakat Kampanyası
2026-05-09 09:53:07 | DEBUG    | agents.churn_agent:calculate_budget:134 - Bütçe hesaplandı: €150.0
2026-05-09 09:53:07 | INFO     | agents.churn_agent:run_agent:212 - Ajan akışı tamamlandı: Sadakat Kampanyası (bütçe: €150)
2026-05-09 09:53:07 | INFO     | agents.churn_agent:assess_risk:50 - Risk değerlendirmesi: düşük (prob=0.20)
2026-05-09 09:53:07 | DEBUG    | agents.churn_agent:generate_campaign:112 - Kampanya üretildi: Rutin İletişim
2026-05-09 09:53:07 | DEBUG    | agents.churn_agent:calculate_budget:134 - Bütçe hesaplandı: €25.0
2026-05-09 09:53:07 | INFO     | agents.churn_agent:run_agent:212 - Ajan akışı tamamlandı: Rutin İletişim (bütçe: €25)
2026-05-09 09:53:07 | INFO     | main:batch_predict_churn:244 - Toplu tahmin: 2 müşteri, 1 yüksek riskli
2026-05-09 09:53:07 | DEBUG    | services.audit_service:log_event:51 - Denetim kaydı: batch_predict
2026-05-09 09:53:07 | INFO     | main:batch_predict_churn:244 - Toplu tahmin: 3 müşteri, 1 yüksek riskli
2026-05-09 09:53:07 | DEBUG    | services.audit_service:log_event:51 - Denetim kaydı: batch_predict
2026-05-09 09:53:08 | WARNING  | services.eda_service:load_default_dataset:44 - Veri seti bulunamadı: olmayan_dosya.csv
2026-05-09 09:53:08 | DEBUG    | services.eda_service:create_correlation_heatmap:80 - Korelasyon ısı haritası oluşturuldu
2026-05-09 09:53:09 | DEBUG    | services.eda_service:create_distribution_histograms:138 - Dağılım histogramları oluşturuldu
2026-05-09 09:53:09 | DEBUG    | services.eda_service:get_summary_statistics:305 - Özet istatistikler hesaplandı: 3 müşteri
2026-05-09 09:53:09 | INFO     | agents.churn_agent:assess_risk:50 - Risk değerlendirmesi: acil (prob=0.85)
2026-05-09 09:53:09 | DEBUG    | agents.churn_agent:select_channel:72 - İletişim kanalı seçildi: 📞 Telefon + 📧 E-posta (Müşteri Temsilcisi Ataması)
2026-05-09 09:53:09 | DEBUG    | agents.churn_agent:generate_campaign:112 - Kampanya üretildi: Acil Elde Tutma Paketi
2026-05-09 09:53:09 | DEBUG    | agents.churn_agent:calculate_budget:134 - Bütçe hesaplandı: €500.0
2026-05-09 09:53:09 | INFO     | agents.churn_agent:run_agent:212 - Ajan akışı tamamlandı: Acil Elde Tutma Paketi (bütçe: €500)
2026-05-09 09:53:09 | INFO     | agents.churn_agent:assess_risk:50 - Risk değerlendirmesi: düşük (prob=0.15)
2026-05-09 09:53:09 | DEBUG    | agents.churn_agent:generate_campaign:112 - Kampanya üretildi: Rutin İletişim
2026-05-09 09:53:09 | DEBUG    | agents.churn_agent:calculate_budget:134 - Bütçe hesaplandı: €25.0
2026-05-09 09:53:09 | INFO     | agents.churn_agent:run_agent:212 - Ajan akışı tamamlandı: Rutin İletişim (bütçe: €25)
2026-05-09 09:53:10 | INFO     | services.model_metrics_service:compute_all_metrics:76 - Model metrikleri hesaplandı — F1: 0.6667, ROC-AUC: 1.0000
2026-05-09 09:53:10 | DEBUG    | services.segmentation_service:find_optimal_k:67 - Elbow grafiği oluşturuldu
2026-05-09 09:53:10 | INFO     | services.segmentation_service:perform_segmentation:100 - Segmentasyon tamamlandı: 3 küme, 50 müşteri
2026-05-09 09:53:10 | INFO     | services.segmentation_service:perform_segmentation:100 - Segmentasyon tamamlandı: 2 küme, 50 müşteri
2026-05-09 09:53:10 | DEBUG    | services.segmentation_service:create_segment_summary_table:228 - Segment özet tablosu oluşturuldu
2026-05-09 09:53:10 | INFO     | services.drift_service:analyze_drift:123 - Drift analizi tamamlandı: 2 özellik analiz edildi
2026-05-09 09:53:11 | INFO     | services.data_privacy:detect_pii_columns:52 - Tespit edilen kişisel veri sütunları: ['Surname', 'CustomerId']
2026-05-09 09:53:11 | INFO     | services.data_privacy:detect_pii_columns:52 - Tespit edilen kişisel veri sütunları: ['Surname']
2026-05-09 09:53:11 | INFO     | services.data_privacy:anonymize_dataframe:113 - Anonimleştirme tamamlandı: 1 sütun maskelendi (yöntem: hash)
2026-05-09 09:53:11 | INFO     | services.data_privacy:detect_pii_columns:52 - Tespit edilen kişisel veri sütunları: ['Surname']
2026-05-09 09:53:11 | INFO     | services.data_privacy:anonymize_dataframe:113 - Anonimleştirme tamamlandı: 1 sütun maskelendi (yöntem: redact)
2026-05-09 09:53:11 | INFO     | services.data_privacy:detect_pii_columns:52 - Tespit edilen kişisel veri sütunları: ['Surname', 'CustomerId']
2026-05-09 09:53:11 | INFO     | services.data_privacy:anonymize_dataframe:113 - Anonimleştirme tamamlandı: 2 sütun maskelendi (yöntem: hash)
2026-05-09 09:53:11 | INFO     | services.data_privacy:detect_pii_columns:52 - Tespit edilen kişisel veri sütunları: ['Surname', 'CustomerId']
2026-05-09 09:53:11 | INFO     | services.data_privacy:generate_privacy_report:139 - Gizlilik raporu: 2 sütun maskelendi
2026-05-09 09:53:11 | DEBUG    | services.audit_service:log_event:51 - Denetim kaydı: test_event
2026-05-09 09:53:11 | DEBUG    | services.audit_service:log_event:51 - Denetim kaydı: login
2026-05-09 09:53:11 | DEBUG    | services.audit_service:log_event:51 - Denetim kaydı: predict
2026-05-09 09:53:11 | DEBUG    | services.audit_service:log_event:51 - Denetim kaydı: predict
2026-05-09 09:53:11 | DEBUG    | services.audit_service:log_event:51 - Denetim kaydı: test
2026-05-09 09:53:11 | INFO     | services.audit_service:clear_audit_log:124 - Denetim logu temizlendi
2026-05-09 09:54:43 | INFO     | __main__:start_services:16 - Banka Churn Projesi Başlatılıyor...
2026-05-09 09:54:43 | INFO     | __main__:start_services:17 - =======================================
2026-05-09 09:54:43 | INFO     | __main__:start_services:20 - FastAPI (Backend API) başlatılıyor... (Port: 8000)
2026-05-09 09:54:46 | SUCCESS  | __main__:start_services:33 - FastAPI başarıyla başlatıldı: http://127.0.0.1:8000
2026-05-09 09:54:46 | INFO     | __main__:start_services:34 - API Dokümantasyonu (Swagger): http://127.0.0.1:8000/docs
2026-05-09 09:54:46 | INFO     | __main__:start_services:37 - Streamlit (Frontend Dashboard) başlatılıyor...
2026-05-09 09:54:46 | SUCCESS  | __main__:start_services:42 - TÜM SİSTEM AKTİF!
2026-05-09 09:54:46 | INFO     | __main__:start_services:43 - Uygulamayı kapatmak için terminalde CTRL+C tuşlarına basabilirsiniz.
2026-05-09 09:54:55 | INFO     | main:<module>:78 - Model başarıyla yüklendi. Özellik sayısı: 11
2026-05-09 09:56:26 | INFO     | services.eda_service:load_default_dataset:41 - Varsayılan veri seti yüklendi: 500 satır
2026-05-09 09:56:26 | DEBUG    | services.eda_service:get_summary_statistics:305 - Özet istatistikler hesaplandı: 500 müşteri
2026-05-09 09:56:26 | DEBUG    | services.eda_service:create_correlation_heatmap:80 - Korelasyon ısı haritası oluşturuldu
2026-05-09 09:56:27 | DEBUG    | services.eda_service:create_distribution_histograms:138 - Dağılım histogramları oluşturuldu
2026-05-09 09:56:28 | DEBUG    | services.eda_service:create_churn_boxplots:192 - Boxplot grafikleri oluşturuldu
2026-05-09 09:56:28 | DEBUG    | services.eda_service:create_churn_rate_by_category:277 - Kategorik churn oranı grafiği oluşturuldu
2026-05-09 09:56:29 | DEBUG    | services.eda_service:create_categorical_analysis:224 - Kategorik çapraz analiz (sunburst) oluşturuldu
2026-05-09 09:56:29 | INFO     | services.model_metrics_service:compute_all_metrics:76 - Model metrikleri hesaplandı — F1: 1.0000, ROC-AUC: 1.0000
2026-05-09 09:56:34 | DEBUG    | services.segmentation_service:find_optimal_k:67 - Elbow grafiği oluşturuldu
2026-05-09 09:56:35 | DEBUG    | services.eda_service:get_summary_statistics:305 - Özet istatistikler hesaplandı: 500 müşteri
2026-05-09 09:56:35 | DEBUG    | services.eda_service:create_correlation_heatmap:80 - Korelasyon ısı haritası oluşturuldu
2026-05-09 09:56:36 | DEBUG    | services.eda_service:create_distribution_histograms:138 - Dağılım histogramları oluşturuldu
2026-05-09 09:56:36 | DEBUG    | services.eda_service:create_churn_boxplots:192 - Boxplot grafikleri oluşturuldu
2026-05-09 09:56:36 | DEBUG    | services.eda_service:create_churn_rate_by_category:277 - Kategorik churn oranı grafiği oluşturuldu
2026-05-09 09:56:36 | DEBUG    | services.eda_service:create_categorical_analysis:224 - Kategorik çapraz analiz (sunburst) oluşturuldu
2026-05-09 09:56:36 | INFO     | services.model_metrics_service:compute_all_metrics:76 - Model metrikleri hesaplandı — F1: 1.0000, ROC-AUC: 1.0000
2026-05-09 09:56:37 | INFO     | services.fairness_service:compute_group_churn_rates:66 - Gender bazlı churn oranları hesaplandı
2026-05-09 09:56:37 | INFO     | services.fairness_service:compute_disparate_impact:107 - Disparate Impact (Gender): 1.0036 (✅ Hedef karşılandı)
2026-05-09 09:56:37 | INFO     | services.fairness_service:compute_group_churn_rates:66 - Geography bazlı churn oranları hesaplandı
2026-05-09 09:56:37 | INFO     | services.fairness_service:compute_disparate_impact:107 - Disparate Impact (Geography): 1.2494 (❌ Hedef karşılanmadı)
2026-05-09 09:56:37 | INFO     | services.fairness_service:compute_group_churn_rates:66 - Gender bazlı churn oranları hesaplandı
2026-05-09 09:56:37 | INFO     | services.fairness_service:compute_disparate_impact:107 - Disparate Impact (Gender): 1.0036 (✅ Hedef karşılandı)
2026-05-09 09:56:37 | INFO     | services.fairness_service:compute_group_churn_rates:66 - Geography bazlı churn oranları hesaplandı
2026-05-09 09:56:37 | INFO     | services.fairness_service:compute_disparate_impact:107 - Disparate Impact (Geography): 1.2494 (❌ Hedef karşılanmadı)
2026-05-09 09:56:38 | DEBUG    | services.customer_profile_service:create_shap_waterfall:137 - SHAP waterfall grafiği oluşturuldu
2026-05-09 09:56:39 | DEBUG    | services.customer_profile_service:find_similar_customers:195 - 5 benzer müşteri bulundu
2026-05-09 09:56:46 | DEBUG    | services.eda_service:get_summary_statistics:305 - Özet istatistikler hesaplandı: 500 müşteri
2026-05-09 09:56:46 | DEBUG    | services.eda_service:create_correlation_heatmap:80 - Korelasyon ısı haritası oluşturuldu
2026-05-09 09:56:46 | DEBUG    | services.eda_service:create_distribution_histograms:138 - Dağılım histogramları oluşturuldu
2026-05-09 09:56:47 | DEBUG    | services.eda_service:create_churn_boxplots:192 - Boxplot grafikleri oluşturuldu
2026-05-09 09:56:47 | DEBUG    | services.eda_service:create_churn_rate_by_category:277 - Kategorik churn oranı grafiği oluşturuldu
2026-05-09 09:56:47 | DEBUG    | services.eda_service:create_categorical_analysis:224 - Kategorik çapraz analiz (sunburst) oluşturuldu
2026-05-09 09:56:47 | INFO     | services.model_metrics_service:compute_all_metrics:76 - Model metrikleri hesaplandı — F1: 1.0000, ROC-AUC: 1.0000
2026-05-09 09:56:47 | INFO     | services.fairness_service:compute_group_churn_rates:66 - Gender bazlı churn oranları hesaplandı
2026-05-09 09:56:47 | INFO     | services.fairness_service:compute_disparate_impact:107 - Disparate Impact (Gender): 1.0036 (✅ Hedef karşılandı)
2026-05-09 09:56:48 | INFO     | services.fairness_service:compute_group_churn_rates:66 - Geography bazlı churn oranları hesaplandı
2026-05-09 09:56:48 | INFO     | services.fairness_service:compute_disparate_impact:107 - Disparate Impact (Geography): 1.2494 (❌ Hedef karşılanmadı)
2026-05-09 09:56:48 | INFO     | services.fairness_service:compute_group_churn_rates:66 - Gender bazlı churn oranları hesaplandı
2026-05-09 09:56:48 | INFO     | services.fairness_service:compute_disparate_impact:107 - Disparate Impact (Gender): 1.0036 (✅ Hedef karşılandı)
2026-05-09 09:56:48 | INFO     | services.fairness_service:compute_group_churn_rates:66 - Geography bazlı churn oranları hesaplandı
2026-05-09 09:56:48 | INFO     | services.fairness_service:compute_disparate_impact:107 - Disparate Impact (Geography): 1.2494 (❌ Hedef karşılanmadı)
2026-05-09 09:56:49 | DEBUG    | services.customer_profile_service:create_shap_waterfall:137 - SHAP waterfall grafiği oluşturuldu
2026-05-09 09:56:49 | DEBUG    | services.customer_profile_service:find_similar_customers:195 - 5 benzer müşteri bulundu
2026-05-09 09:57:55 | DEBUG    | services.eda_service:get_summary_statistics:305 - Özet istatistikler hesaplandı: 500 müşteri
2026-05-09 09:57:55 | DEBUG    | services.eda_service:create_correlation_heatmap:80 - Korelasyon ısı haritası oluşturuldu
2026-05-09 09:57:55 | DEBUG    | services.eda_service:create_distribution_histograms:138 - Dağılım histogramları oluşturuldu
2026-05-09 09:57:55 | DEBUG    | services.eda_service:create_churn_boxplots:192 - Boxplot grafikleri oluşturuldu
2026-05-09 09:57:55 | DEBUG    | services.eda_service:create_churn_rate_by_category:277 - Kategorik churn oranı grafiği oluşturuldu
2026-05-09 09:57:56 | DEBUG    | services.eda_service:create_categorical_analysis:224 - Kategorik çapraz analiz (sunburst) oluşturuldu
2026-05-09 09:57:56 | INFO     | services.model_metrics_service:compute_all_metrics:76 - Model metrikleri hesaplandı — F1: 1.0000, ROC-AUC: 1.0000
2026-05-09 09:57:57 | DEBUG    | services.eda_service:get_summary_statistics:305 - Özet istatistikler hesaplandı: 500 müşteri
2026-05-09 09:57:57 | DEBUG    | services.eda_service:create_correlation_heatmap:80 - Korelasyon ısı haritası oluşturuldu
2026-05-09 09:57:57 | DEBUG    | services.eda_service:create_distribution_histograms:138 - Dağılım histogramları oluşturuldu
2026-05-09 09:57:57 | DEBUG    | services.eda_service:create_churn_boxplots:192 - Boxplot grafikleri oluşturuldu
2026-05-09 09:57:57 | DEBUG    | services.eda_service:create_churn_rate_by_category:277 - Kategorik churn oranı grafiği oluşturuldu
2026-05-09 09:57:58 | DEBUG    | services.eda_service:create_categorical_analysis:224 - Kategorik çapraz analiz (sunburst) oluşturuldu
2026-05-09 09:57:58 | INFO     | services.model_metrics_service:compute_all_metrics:76 - Model metrikleri hesaplandı — F1: 1.0000, ROC-AUC: 1.0000
2026-05-09 09:57:59 | INFO     | services.segmentation_service:perform_segmentation:100 - Segmentasyon tamamlandı: 4 küme, 500 müşteri
2026-05-09 09:57:59 | DEBUG    | services.segmentation_service:create_segment_summary_table:228 - Segment özet tablosu oluşturuldu
2026-05-09 09:57:59 | DEBUG    | services.segmentation_service:create_pca_scatter:139 - PCA scatter plot oluşturuldu
2026-05-09 09:57:59 | DEBUG    | services.segmentation_service:create_segment_churn_bar:263 - Segment churn bar grafiği oluşturuldu
2026-05-09 09:57:59 | DEBUG    | services.segmentation_service:create_segment_profile:178 - Segment radar grafiği oluşturuldu
2026-05-09 09:57:59 | INFO     | services.fairness_service:compute_group_churn_rates:66 - Gender bazlı churn oranları hesaplandı
2026-05-09 09:57:59 | INFO     | services.fairness_service:compute_disparate_impact:107 - Disparate Impact (Gender): 1.0036 (✅ Hedef karşılandı)
2026-05-09 09:57:59 | INFO     | services.fairness_service:compute_group_churn_rates:66 - Geography bazlı churn oranları hesaplandı
2026-05-09 09:57:59 | INFO     | services.fairness_service:compute_disparate_impact:107 - Disparate Impact (Geography): 1.2494 (❌ Hedef karşılanmadı)
2026-05-09 09:58:00 | INFO     | services.fairness_service:compute_group_churn_rates:66 - Gender bazlı churn oranları hesaplandı
2026-05-09 09:58:00 | INFO     | services.fairness_service:compute_disparate_impact:107 - Disparate Impact (Gender): 1.0036 (✅ Hedef karşılandı)
2026-05-09 09:58:00 | INFO     | services.fairness_service:compute_group_churn_rates:66 - Geography bazlı churn oranları hesaplandı
2026-05-09 09:58:00 | INFO     | services.fairness_service:compute_disparate_impact:107 - Disparate Impact (Geography): 1.2494 (❌ Hedef karşılanmadı)
2026-05-09 09:58:01 | DEBUG    | services.customer_profile_service:create_shap_waterfall:137 - SHAP waterfall grafiği oluşturuldu
2026-05-09 09:58:01 | DEBUG    | services.customer_profile_service:find_similar_customers:195 - 5 benzer müşteri bulundu
2026-05-09 10:05:57 | DEBUG    | services.eda_service:get_summary_statistics:305 - Özet istatistikler hesaplandı: 500 müşteri
2026-05-09 10:05:57 | DEBUG    | services.eda_service:create_correlation_heatmap:80 - Korelasyon ısı haritası oluşturuldu
2026-05-09 10:05:57 | DEBUG    | services.eda_service:create_distribution_histograms:138 - Dağılım histogramları oluşturuldu
2026-05-09 10:05:57 | DEBUG    | services.eda_service:create_churn_boxplots:192 - Boxplot grafikleri oluşturuldu
2026-05-09 10:05:57 | DEBUG    | services.eda_service:create_churn_rate_by_category:277 - Kategorik churn oranı grafiği oluşturuldu
2026-05-09 10:05:57 | DEBUG    | services.eda_service:create_categorical_analysis:224 - Kategorik çapraz analiz (sunburst) oluşturuldu
2026-05-09 10:05:57 | INFO     | services.model_metrics_service:compute_all_metrics:76 - Model metrikleri hesaplandı — F1: 1.0000, ROC-AUC: 1.0000
2026-05-09 10:05:57 | INFO     | services.fairness_service:compute_group_churn_rates:66 - Gender bazlı churn oranları hesaplandı
2026-05-09 10:05:57 | INFO     | services.fairness_service:compute_disparate_impact:107 - Disparate Impact (Gender): 1.0036 (✅ Hedef karşılandı)
2026-05-09 10:05:57 | INFO     | services.fairness_service:compute_group_churn_rates:66 - Geography bazlı churn oranları hesaplandı
2026-05-09 10:05:57 | INFO     | services.fairness_service:compute_disparate_impact:107 - Disparate Impact (Geography): 1.2494 (❌ Hedef karşılanmadı)
2026-05-09 10:05:57 | INFO     | services.fairness_service:compute_group_churn_rates:66 - Gender bazlı churn oranları hesaplandı
2026-05-09 10:05:57 | INFO     | services.fairness_service:compute_disparate_impact:107 - Disparate Impact (Gender): 1.0036 (✅ Hedef karşılandı)
2026-05-09 10:05:57 | INFO     | services.fairness_service:compute_group_churn_rates:66 - Geography bazlı churn oranları hesaplandı
2026-05-09 10:05:57 | INFO     | services.fairness_service:compute_disparate_impact:107 - Disparate Impact (Geography): 1.2494 (❌ Hedef karşılanmadı)
2026-05-09 10:06:13 | DEBUG    | services.eda_service:get_summary_statistics:305 - Özet istatistikler hesaplandı: 500 müşteri
2026-05-09 10:06:14 | DEBUG    | services.eda_service:create_correlation_heatmap:80 - Korelasyon ısı haritası oluşturuldu
2026-05-09 10:06:14 | DEBUG    | services.eda_service:create_distribution_histograms:138 - Dağılım histogramları oluşturuldu
2026-05-09 10:06:14 | DEBUG    | services.eda_service:create_churn_boxplots:192 - Boxplot grafikleri oluşturuldu
2026-05-09 10:06:14 | DEBUG    | services.eda_service:create_churn_rate_by_category:277 - Kategorik churn oranı grafiği oluşturuldu
2026-05-09 10:06:14 | DEBUG    | services.eda_service:create_categorical_analysis:224 - Kategorik çapraz analiz (sunburst) oluşturuldu
2026-05-09 10:06:14 | INFO     | services.model_metrics_service:compute_all_metrics:76 - Model metrikleri hesaplandı — F1: 1.0000, ROC-AUC: 1.0000
2026-05-09 10:06:15 | INFO     | services.fairness_service:compute_group_churn_rates:66 - Gender bazlı churn oranları hesaplandı
2026-05-09 10:06:15 | INFO     | services.fairness_service:compute_disparate_impact:107 - Disparate Impact (Gender): 1.0036 (✅ Hedef karşılandı)
2026-05-09 10:06:15 | INFO     | services.fairness_service:compute_group_churn_rates:66 - Geography bazlı churn oranları hesaplandı
2026-05-09 10:06:15 | INFO     | services.fairness_service:compute_disparate_impact:107 - Disparate Impact (Geography): 1.2494 (❌ Hedef karşılanmadı)
2026-05-09 10:06:15 | INFO     | services.fairness_service:compute_group_churn_rates:66 - Gender bazlı churn oranları hesaplandı
2026-05-09 10:06:15 | INFO     | services.fairness_service:compute_disparate_impact:107 - Disparate Impact (Gender): 1.0036 (✅ Hedef karşılandı)
2026-05-09 10:06:15 | INFO     | services.fairness_service:compute_group_churn_rates:66 - Geography bazlı churn oranları hesaplandı
2026-05-09 10:06:15 | INFO     | services.fairness_service:compute_disparate_impact:107 - Disparate Impact (Geography): 1.2494 (❌ Hedef karşılanmadı)
2026-05-09 10:06:16 | DEBUG    | services.eda_service:get_summary_statistics:305 - Özet istatistikler hesaplandı: 500 müşteri
2026-05-09 10:06:17 | DEBUG    | services.eda_service:create_correlation_heatmap:80 - Korelasyon ısı haritası oluşturuldu
2026-05-09 10:06:17 | DEBUG    | services.eda_service:create_distribution_histograms:138 - Dağılım histogramları oluşturuldu
2026-05-09 10:06:17 | DEBUG    | services.eda_service:create_churn_boxplots:192 - Boxplot grafikleri oluşturuldu
2026-05-09 10:06:17 | DEBUG    | services.eda_service:create_churn_rate_by_category:277 - Kategorik churn oranı grafiği oluşturuldu
2026-05-09 10:06:17 | DEBUG    | services.eda_service:create_categorical_analysis:224 - Kategorik çapraz analiz (sunburst) oluşturuldu
2026-05-09 10:06:17 | INFO     | services.model_metrics_service:compute_all_metrics:76 - Model metrikleri hesaplandı — F1: 1.0000, ROC-AUC: 1.0000
2026-05-09 10:06:18 | INFO     | services.segmentation_service:perform_segmentation:100 - Segmentasyon tamamlandı: 2 küme, 500 müşteri
2026-05-09 10:06:18 | DEBUG    | services.segmentation_service:create_segment_summary_table:228 - Segment özet tablosu oluşturuldu
2026-05-09 10:06:18 | DEBUG    | services.segmentation_service:create_pca_scatter:139 - PCA scatter plot oluşturuldu
2026-05-09 10:06:18 | DEBUG    | services.segmentation_service:create_segment_churn_bar:263 - Segment churn bar grafiği oluşturuldu
2026-05-09 10:06:18 | DEBUG    | services.segmentation_service:create_segment_profile:178 - Segment radar grafiği oluşturuldu
2026-05-09 10:06:18 | INFO     | services.fairness_service:compute_group_churn_rates:66 - Gender bazlı churn oranları hesaplandı
2026-05-09 10:06:18 | INFO     | services.fairness_service:compute_disparate_impact:107 - Disparate Impact (Gender): 1.0036 (✅ Hedef karşılandı)
2026-05-09 10:06:18 | INFO     | services.fairness_service:compute_group_churn_rates:66 - Geography bazlı churn oranları hesaplandı
2026-05-09 10:06:18 | INFO     | services.fairness_service:compute_disparate_impact:107 - Disparate Impact (Geography): 1.2494 (❌ Hedef karşılanmadı)
2026-05-09 10:06:18 | INFO     | services.fairness_service:compute_group_churn_rates:66 - Gender bazlı churn oranları hesaplandı
2026-05-09 10:06:18 | INFO     | services.fairness_service:compute_disparate_impact:107 - Disparate Impact (Gender): 1.0036 (✅ Hedef karşılandı)
2026-05-09 10:06:19 | INFO     | services.fairness_service:compute_group_churn_rates:66 - Geography bazlı churn oranları hesaplandı
2026-05-09 10:06:19 | INFO     | services.fairness_service:compute_disparate_impact:107 - Disparate Impact (Geography): 1.2494 (❌ Hedef karşılanmadı)
2026-05-09 10:06:30 | DEBUG    | services.eda_service:get_summary_statistics:305 - Özet istatistikler hesaplandı: 500 müşteri
2026-05-09 10:06:30 | DEBUG    | services.eda_service:create_correlation_heatmap:80 - Korelasyon ısı haritası oluşturuldu
2026-05-09 10:06:30 | DEBUG    | services.eda_service:create_distribution_histograms:138 - Dağılım histogramları oluşturuldu
2026-05-09 10:06:30 | DEBUG    | services.eda_service:create_churn_boxplots:192 - Boxplot grafikleri oluşturuldu
2026-05-09 10:06:30 | DEBUG    | services.eda_service:create_churn_rate_by_category:277 - Kategorik churn oranı grafiği oluşturuldu
2026-05-09 10:06:30 | DEBUG    | services.eda_service:create_categorical_analysis:224 - Kategorik çapraz analiz (sunburst) oluşturuldu
2026-05-09 10:06:30 | INFO     | services.model_metrics_service:compute_all_metrics:76 - Model metrikleri hesaplandı — F1: 1.0000, ROC-AUC: 1.0000
2026-05-09 10:06:30 | INFO     | services.fairness_service:compute_group_churn_rates:66 - Gender bazlı churn oranları hesaplandı
2026-05-09 10:06:30 | INFO     | services.fairness_service:compute_disparate_impact:107 - Disparate Impact (Gender): 1.0036 (✅ Hedef karşılandı)
2026-05-09 10:06:30 | INFO     | services.fairness_service:compute_group_churn_rates:66 - Geography bazlı churn oranları hesaplandı
2026-05-09 10:06:30 | INFO     | services.fairness_service:compute_disparate_impact:107 - Disparate Impact (Geography): 1.2494 (❌ Hedef karşılanmadı)
2026-05-09 10:06:30 | INFO     | services.fairness_service:compute_group_churn_rates:66 - Gender bazlı churn oranları hesaplandı
2026-05-09 10:06:30 | INFO     | services.fairness_service:compute_disparate_impact:107 - Disparate Impact (Gender): 1.0036 (✅ Hedef karşılandı)
2026-05-09 10:06:30 | INFO     | services.fairness_service:compute_group_churn_rates:66 - Geography bazlı churn oranları hesaplandı
2026-05-09 10:06:30 | INFO     | services.fairness_service:compute_disparate_impact:107 - Disparate Impact (Geography): 1.2494 (❌ Hedef karşılanmadı)
2026-05-09 10:06:31 | DEBUG    | services.customer_profile_service:create_shap_waterfall:137 - SHAP waterfall grafiği oluşturuldu
2026-05-09 10:06:31 | DEBUG    | services.customer_profile_service:find_similar_customers:195 - 5 benzer müşteri bulundu
2026-05-09 10:06:51 | DEBUG    | services.eda_service:get_summary_statistics:305 - Özet istatistikler hesaplandı: 500 müşteri
2026-05-09 10:06:51 | DEBUG    | services.eda_service:create_correlation_heatmap:80 - Korelasyon ısı haritası oluşturuldu
2026-05-09 10:06:51 | DEBUG    | services.eda_service:create_distribution_histograms:138 - Dağılım histogramları oluşturuldu
2026-05-09 10:06:51 | DEBUG    | services.eda_service:create_churn_boxplots:192 - Boxplot grafikleri oluşturuldu
2026-05-09 10:06:51 | DEBUG    | services.eda_service:create_churn_rate_by_category:277 - Kategorik churn oranı grafiği oluşturuldu
2026-05-09 10:06:51 | DEBUG    | services.eda_service:create_categorical_analysis:224 - Kategorik çapraz analiz (sunburst) oluşturuldu
2026-05-09 10:06:52 | INFO     | services.model_metrics_service:compute_all_metrics:76 - Model metrikleri hesaplandı — F1: 1.0000, ROC-AUC: 1.0000
2026-05-09 10:06:52 | INFO     | services.fairness_service:compute_group_churn_rates:66 - Gender bazlı churn oranları hesaplandı
2026-05-09 10:06:52 | INFO     | services.fairness_service:compute_disparate_impact:107 - Disparate Impact (Gender): 1.0036 (✅ Hedef karşılandı)
2026-05-09 10:06:52 | INFO     | services.fairness_service:compute_group_churn_rates:66 - Geography bazlı churn oranları hesaplandı
2026-05-09 10:06:52 | INFO     | services.fairness_service:compute_disparate_impact:107 - Disparate Impact (Geography): 1.2494 (❌ Hedef karşılanmadı)
2026-05-09 10:06:52 | INFO     | services.fairness_service:compute_group_churn_rates:66 - Gender bazlı churn oranları hesaplandı
2026-05-09 10:06:52 | INFO     | services.fairness_service:compute_disparate_impact:107 - Disparate Impact (Gender): 1.0036 (✅ Hedef karşılandı)
2026-05-09 10:06:52 | INFO     | services.fairness_service:compute_group_churn_rates:66 - Geography bazlı churn oranları hesaplandı
2026-05-09 10:06:52 | INFO     | services.fairness_service:compute_disparate_impact:107 - Disparate Impact (Geography): 1.2494 (❌ Hedef karşılanmadı)
2026-05-09 10:06:53 | DEBUG    | services.customer_profile_service:create_shap_waterfall:137 - SHAP waterfall grafiği oluşturuldu
2026-05-09 10:06:54 | DEBUG    | services.customer_profile_service:find_similar_customers:195 - 5 benzer müşteri bulundu
2026-05-09 10:06:57 | DEBUG    | services.eda_service:get_summary_statistics:305 - Özet istatistikler hesaplandı: 500 müşteri
2026-05-09 10:06:57 | DEBUG    | services.eda_service:create_correlation_heatmap:80 - Korelasyon ısı haritası oluşturuldu
2026-05-09 10:06:57 | DEBUG    | services.eda_service:create_distribution_histograms:138 - Dağılım histogramları oluşturuldu
2026-05-09 10:06:58 | DEBUG    | services.eda_service:get_summary_statistics:305 - Özet istatistikler hesaplandı: 500 müşteri
2026-05-09 10:06:58 | DEBUG    | services.eda_service:create_correlation_heatmap:80 - Korelasyon ısı haritası oluşturuldu
2026-05-09 10:06:58 | DEBUG    | services.eda_service:create_distribution_histograms:138 - Dağılım histogramları oluşturuldu
2026-05-09 10:06:58 | DEBUG    | services.eda_service:create_churn_boxplots:192 - Boxplot grafikleri oluşturuldu
2026-05-09 10:06:59 | DEBUG    | services.eda_service:create_churn_rate_by_category:277 - Kategorik churn oranı grafiği oluşturuldu
2026-05-09 10:06:59 | DEBUG    | services.eda_service:create_categorical_analysis:224 - Kategorik çapraz analiz (sunburst) oluşturuldu
2026-05-09 10:06:59 | INFO     | services.model_metrics_service:compute_all_metrics:76 - Model metrikleri hesaplandı — F1: 1.0000, ROC-AUC: 1.0000
2026-05-09 10:06:59 | INFO     | services.fairness_service:compute_group_churn_rates:66 - Gender bazlı churn oranları hesaplandı
2026-05-09 10:06:59 | INFO     | services.fairness_service:compute_disparate_impact:107 - Disparate Impact (Gender): 1.0036 (✅ Hedef karşılandı)
2026-05-09 10:06:59 | INFO     | services.fairness_service:compute_group_churn_rates:66 - Geography bazlı churn oranları hesaplandı
2026-05-09 10:06:59 | INFO     | services.fairness_service:compute_disparate_impact:107 - Disparate Impact (Geography): 1.2494 (❌ Hedef karşılanmadı)
2026-05-09 10:06:59 | INFO     | services.fairness_service:compute_group_churn_rates:66 - Gender bazlı churn oranları hesaplandı
2026-05-09 10:06:59 | INFO     | services.fairness_service:compute_disparate_impact:107 - Disparate Impact (Gender): 1.0036 (✅ Hedef karşılandı)
2026-05-09 10:07:00 | INFO     | services.fairness_service:compute_group_churn_rates:66 - Geography bazlı churn oranları hesaplandı
2026-05-09 10:07:00 | INFO     | services.fairness_service:compute_disparate_impact:107 - Disparate Impact (Geography): 1.2494 (❌ Hedef karşılanmadı)
2026-05-09 10:07:00 | DEBUG    | services.customer_profile_service:create_shap_waterfall:137 - SHAP waterfall grafiği oluşturuldu
2026-05-09 10:07:00 | DEBUG    | services.customer_profile_service:find_similar_customers:195 - 5 benzer müşteri bulundu
2026-05-09 10:07:11 | DEBUG    | services.eda_service:get_summary_statistics:305 - Özet istatistikler hesaplandı: 500 müşteri
2026-05-09 10:07:11 | DEBUG    | services.eda_service:create_correlation_heatmap:80 - Korelasyon ısı haritası oluşturuldu
2026-05-09 10:07:11 | DEBUG    | services.eda_service:create_distribution_histograms:138 - Dağılım histogramları oluşturuldu
2026-05-09 10:07:12 | DEBUG    | services.eda_service:create_churn_boxplots:192 - Boxplot grafikleri oluşturuldu
2026-05-09 10:07:12 | DEBUG    | services.eda_service:create_churn_rate_by_category:277 - Kategorik churn oranı grafiği oluşturuldu
2026-05-09 10:07:12 | DEBUG    | services.eda_service:create_categorical_analysis:224 - Kategorik çapraz analiz (sunburst) oluşturuldu
2026-05-09 10:07:12 | INFO     | services.model_metrics_service:compute_all_metrics:76 - Model metrikleri hesaplandı — F1: 1.0000, ROC-AUC: 1.0000
2026-05-09 10:07:13 | INFO     | services.fairness_service:compute_group_churn_rates:66 - Gender bazlı churn oranları hesaplandı
2026-05-09 10:07:13 | INFO     | services.fairness_service:compute_disparate_impact:107 - Disparate Impact (Gender): 1.0036 (✅ Hedef karşılandı)
2026-05-09 10:07:13 | INFO     | services.fairness_service:compute_group_churn_rates:66 - Geography bazlı churn oranları hesaplandı
2026-05-09 10:07:13 | INFO     | services.fairness_service:compute_disparate_impact:107 - Disparate Impact (Geography): 1.2494 (❌ Hedef karşılanmadı)
2026-05-09 10:07:13 | INFO     | services.fairness_service:compute_group_churn_rates:66 - Gender bazlı churn oranları hesaplandı
2026-05-09 10:07:13 | INFO     | services.fairness_service:compute_disparate_impact:107 - Disparate Impact (Gender): 1.0036 (✅ Hedef karşılandı)
2026-05-09 10:07:13 | INFO     | services.fairness_service:compute_group_churn_rates:66 - Geography bazlı churn oranları hesaplandı
2026-05-09 10:07:13 | INFO     | services.fairness_service:compute_disparate_impact:107 - Disparate Impact (Geography): 1.2494 (❌ Hedef karşılanmadı)
2026-05-09 10:07:14 | DEBUG    | services.eda_service:get_summary_statistics:305 - Özet istatistikler hesaplandı: 500 müşteri
2026-05-09 10:07:14 | DEBUG    | services.eda_service:create_correlation_heatmap:80 - Korelasyon ısı haritası oluşturuldu
2026-05-09 10:07:14 | DEBUG    | services.eda_service:create_distribution_histograms:138 - Dağılım histogramları oluşturuldu
2026-05-09 10:07:14 | DEBUG    | services.eda_service:create_churn_boxplots:192 - Boxplot grafikleri oluşturuldu
2026-05-09 10:07:15 | DEBUG    | services.eda_service:get_summary_statistics:305 - Özet istatistikler hesaplandı: 500 müşteri
2026-05-09 10:07:15 | DEBUG    | services.eda_service:create_correlation_heatmap:80 - Korelasyon ısı haritası oluşturuldu
2026-05-09 10:07:15 | DEBUG    | services.eda_service:create_distribution_histograms:138 - Dağılım histogramları oluşturuldu
2026-05-09 10:07:16 | DEBUG    | services.eda_service:create_churn_boxplots:192 - Boxplot grafikleri oluşturuldu
2026-05-09 10:07:16 | DEBUG    | services.eda_service:create_churn_rate_by_category:277 - Kategorik churn oranı grafiği oluşturuldu
2026-05-09 10:07:16 | DEBUG    | services.eda_service:create_categorical_analysis:224 - Kategorik çapraz analiz (sunburst) oluşturuldu
2026-05-09 10:07:16 | DEBUG    | services.customer_profile_service:create_shap_waterfall:137 - SHAP waterfall grafiği oluşturuldu
2026-05-09 10:07:17 | INFO     | services.model_metrics_service:compute_all_metrics:76 - Model metrikleri hesaplandı — F1: 1.0000, ROC-AUC: 1.0000
2026-05-09 10:07:17 | INFO     | services.fairness_service:compute_group_churn_rates:66 - Gender bazlı churn oranları hesaplandı
2026-05-09 10:07:17 | INFO     | services.fairness_service:compute_disparate_impact:107 - Disparate Impact (Gender): 1.0036 (✅ Hedef karşılandı)
2026-05-09 10:07:17 | INFO     | services.fairness_service:compute_group_churn_rates:66 - Geography bazlı churn oranları hesaplandı
2026-05-09 10:07:17 | INFO     | services.fairness_service:compute_disparate_impact:107 - Disparate Impact (Geography): 1.2494 (❌ Hedef karşılanmadı)
2026-05-09 10:07:17 | INFO     | services.fairness_service:compute_group_churn_rates:66 - Gender bazlı churn oranları hesaplandı
2026-05-09 10:07:17 | INFO     | services.fairness_service:compute_disparate_impact:107 - Disparate Impact (Gender): 1.0036 (✅ Hedef karşılandı)
2026-05-09 10:07:18 | INFO     | services.fairness_service:compute_group_churn_rates:66 - Geography bazlı churn oranları hesaplandı
2026-05-09 10:07:18 | INFO     | services.fairness_service:compute_disparate_impact:107 - Disparate Impact (Geography): 1.2494 (❌ Hedef karşılanmadı)
2026-05-09 10:07:19 | DEBUG    | services.customer_profile_service:create_shap_waterfall:137 - SHAP waterfall grafiği oluşturuldu
2026-05-09 10:07:19 | DEBUG    | services.customer_profile_service:find_similar_customers:195 - 5 benzer müşteri bulundu
2026-05-09 10:07:27 | DEBUG    | services.eda_service:get_summary_statistics:305 - Özet istatistikler hesaplandı: 500 müşteri
2026-05-09 10:07:27 | DEBUG    | services.eda_service:create_correlation_heatmap:80 - Korelasyon ısı haritası oluşturuldu
2026-05-09 10:07:27 | DEBUG    | services.eda_service:create_distribution_histograms:138 - Dağılım histogramları oluşturuldu
2026-05-09 10:07:27 | DEBUG    | services.eda_service:create_churn_boxplots:192 - Boxplot grafikleri oluşturuldu
2026-05-09 10:07:27 | DEBUG    | services.eda_service:create_churn_rate_by_category:277 - Kategorik churn oranı grafiği oluşturuldu
2026-05-09 10:07:28 | DEBUG    | services.eda_service:create_categorical_analysis:224 - Kategorik çapraz analiz (sunburst) oluşturuldu
2026-05-09 10:07:28 | DEBUG    | services.eda_service:get_summary_statistics:305 - Özet istatistikler hesaplandı: 500 müşteri
2026-05-09 10:07:28 | INFO     | services.model_metrics_service:compute_all_metrics:76 - Model metrikleri hesaplandı — F1: 1.0000, ROC-AUC: 1.0000
2026-05-09 10:07:28 | DEBUG    | services.eda_service:create_correlation_heatmap:80 - Korelasyon ısı haritası oluşturuldu
2026-05-09 10:07:29 | DEBUG    | services.eda_service:create_distribution_histograms:138 - Dağılım histogramları oluşturuldu
2026-05-09 10:07:29 | DEBUG    | services.eda_service:create_churn_boxplots:192 - Boxplot grafikleri oluşturuldu
2026-05-09 10:07:29 | DEBUG    | services.eda_service:create_churn_rate_by_category:277 - Kategorik churn oranı grafiği oluşturuldu
2026-05-09 10:07:29 | DEBUG    | services.eda_service:create_categorical_analysis:224 - Kategorik çapraz analiz (sunburst) oluşturuldu
2026-05-09 10:07:29 | INFO     | services.model_metrics_service:compute_all_metrics:76 - Model metrikleri hesaplandı — F1: 1.0000, ROC-AUC: 1.0000
2026-05-09 10:07:30 | INFO     | services.fairness_service:compute_group_churn_rates:66 - Gender bazlı churn oranları hesaplandı
2026-05-09 10:07:30 | INFO     | services.fairness_service:compute_disparate_impact:107 - Disparate Impact (Gender): 1.0036 (✅ Hedef karşılandı)
2026-05-09 10:07:30 | INFO     | services.fairness_service:compute_group_churn_rates:66 - Geography bazlı churn oranları hesaplandı
2026-05-09 10:07:30 | INFO     | services.fairness_service:compute_disparate_impact:107 - Disparate Impact (Geography): 1.2494 (❌ Hedef karşılanmadı)
2026-05-09 10:07:31 | INFO     | services.fairness_service:compute_group_churn_rates:66 - Gender bazlı churn oranları hesaplandı
2026-05-09 10:07:31 | INFO     | services.fairness_service:compute_disparate_impact:107 - Disparate Impact (Gender): 1.0036 (✅ Hedef karşılandı)
2026-05-09 10:07:31 | INFO     | services.fairness_service:compute_group_churn_rates:66 - Geography bazlı churn oranları hesaplandı
2026-05-09 10:07:31 | INFO     | services.fairness_service:compute_disparate_impact:107 - Disparate Impact (Geography): 1.2494 (❌ Hedef karşılanmadı)
2026-05-09 10:07:32 | DEBUG    | services.eda_service:get_summary_statistics:305 - Özet istatistikler hesaplandı: 500 müşteri
2026-05-09 10:07:32 | DEBUG    | services.customer_profile_service:create_shap_waterfall:137 - SHAP waterfall grafiği oluşturuldu
2026-05-09 10:07:33 | DEBUG    | services.eda_service:create_correlation_heatmap:80 - Korelasyon ısı haritası oluşturuldu
2026-05-09 10:07:33 | DEBUG    | services.eda_service:create_distribution_histograms:138 - Dağılım histogramları oluşturuldu
2026-05-09 10:07:33 | DEBUG    | services.eda_service:create_churn_boxplots:192 - Boxplot grafikleri oluşturuldu
2026-05-09 10:07:33 | DEBUG    | services.eda_service:create_churn_rate_by_category:277 - Kategorik churn oranı grafiği oluşturuldu
2026-05-09 10:07:34 | DEBUG    | services.eda_service:get_summary_statistics:305 - Özet istatistikler hesaplandı: 500 müşteri
2026-05-09 10:07:34 | DEBUG    | services.eda_service:create_correlation_heatmap:80 - Korelasyon ısı haritası oluşturuldu
2026-05-09 10:07:34 | DEBUG    | services.eda_service:create_distribution_histograms:138 - Dağılım histogramları oluşturuldu
2026-05-09 10:07:34 | DEBUG    | services.eda_service:create_churn_boxplots:192 - Boxplot grafikleri oluşturuldu
2026-05-09 10:07:35 | DEBUG    | services.eda_service:create_churn_rate_by_category:277 - Kategorik churn oranı grafiği oluşturuldu
2026-05-09 10:07:35 | DEBUG    | services.eda_service:create_categorical_analysis:224 - Kategorik çapraz analiz (sunburst) oluşturuldu
2026-05-09 10:07:35 | INFO     | services.model_metrics_service:compute_all_metrics:76 - Model metrikleri hesaplandı — F1: 1.0000, ROC-AUC: 1.0000
2026-05-09 10:07:35 | INFO     | services.fairness_service:compute_group_churn_rates:66 - Gender bazlı churn oranları hesaplandı
2026-05-09 10:07:35 | INFO     | services.fairness_service:compute_disparate_impact:107 - Disparate Impact (Gender): 1.0036 (✅ Hedef karşılandı)
2026-05-09 10:07:35 | INFO     | services.fairness_service:compute_group_churn_rates:66 - Geography bazlı churn oranları hesaplandı
2026-05-09 10:07:35 | INFO     | services.fairness_service:compute_disparate_impact:107 - Disparate Impact (Geography): 1.2494 (❌ Hedef karşılanmadı)
2026-05-09 10:07:35 | INFO     | services.fairness_service:compute_group_churn_rates:66 - Gender bazlı churn oranları hesaplandı
2026-05-09 10:07:35 | INFO     | services.fairness_service:compute_disparate_impact:107 - Disparate Impact (Gender): 1.0036 (✅ Hedef karşılandı)
2026-05-09 10:07:35 | INFO     | services.fairness_service:compute_group_churn_rates:66 - Geography bazlı churn oranları hesaplandı
2026-05-09 10:07:35 | INFO     | services.fairness_service:compute_disparate_impact:107 - Disparate Impact (Geography): 1.2494 (❌ Hedef karşılanmadı)
2026-05-09 10:07:36 | DEBUG    | services.customer_profile_service:create_shap_waterfall:137 - SHAP waterfall grafiği oluşturuldu
2026-05-09 10:07:36 | DEBUG    | services.customer_profile_service:find_similar_customers:195 - 5 benzer müşteri bulundu
2026-05-09 10:07:40 | DEBUG    | services.eda_service:get_summary_statistics:305 - Özet istatistikler hesaplandı: 500 müşteri
2026-05-09 10:07:40 | DEBUG    | services.eda_service:create_correlation_heatmap:80 - Korelasyon ısı haritası oluşturuldu
2026-05-09 10:07:40 | DEBUG    | services.eda_service:create_distribution_histograms:138 - Dağılım histogramları oluşturuldu
2026-05-09 10:07:40 | DEBUG    | services.eda_service:create_churn_boxplots:192 - Boxplot grafikleri oluşturuldu
2026-05-09 10:07:40 | DEBUG    | services.eda_service:create_churn_rate_by_category:277 - Kategorik churn oranı grafiği oluşturuldu
2026-05-09 10:07:41 | DEBUG    | services.eda_service:create_categorical_analysis:224 - Kategorik çapraz analiz (sunburst) oluşturuldu
2026-05-09 10:07:41 | INFO     | services.model_metrics_service:compute_all_metrics:76 - Model metrikleri hesaplandı — F1: 1.0000, ROC-AUC: 1.0000
2026-05-09 10:07:41 | INFO     | services.fairness_service:compute_group_churn_rates:66 - Gender bazlı churn oranları hesaplandı
2026-05-09 10:07:41 | INFO     | services.fairness_service:compute_disparate_impact:107 - Disparate Impact (Gender): 1.0036 (✅ Hedef karşılandı)
2026-05-09 10:07:41 | INFO     | services.fairness_service:compute_group_churn_rates:66 - Geography bazlı churn oranları hesaplandı
2026-05-09 10:07:41 | INFO     | services.fairness_service:compute_disparate_impact:107 - Disparate Impact (Geography): 1.2494 (❌ Hedef karşılanmadı)
2026-05-09 10:07:41 | INFO     | services.fairness_service:compute_group_churn_rates:66 - Gender bazlı churn oranları hesaplandı
2026-05-09 10:07:41 | INFO     | services.fairness_service:compute_disparate_impact:107 - Disparate Impact (Gender): 1.0036 (✅ Hedef karşılandı)
2026-05-09 10:07:41 | INFO     | services.fairness_service:compute_group_churn_rates:66 - Geography bazlı churn oranları hesaplandı
2026-05-09 10:07:41 | INFO     | services.fairness_service:compute_disparate_impact:107 - Disparate Impact (Geography): 1.2494 (❌ Hedef karşılanmadı)
2026-05-09 10:07:42 | DEBUG    | services.customer_profile_service:create_shap_waterfall:137 - SHAP waterfall grafiği oluşturuldu
2026-05-09 10:07:42 | DEBUG    | services.customer_profile_service:find_similar_customers:195 - 5 benzer müşteri bulundu
2026-05-09 10:07:55 | DEBUG    | services.eda_service:get_summary_statistics:305 - Özet istatistikler hesaplandı: 500 müşteri
2026-05-09 10:07:55 | DEBUG    | services.eda_service:create_correlation_heatmap:80 - Korelasyon ısı haritası oluşturuldu
2026-05-09 10:07:55 | DEBUG    | services.eda_service:create_distribution_histograms:138 - Dağılım histogramları oluşturuldu
2026-05-09 10:07:55 | DEBUG    | services.eda_service:create_churn_boxplots:192 - Boxplot grafikleri oluşturuldu
2026-05-09 10:07:55 | DEBUG    | services.eda_service:create_churn_rate_by_category:277 - Kategorik churn oranı grafiği oluşturuldu
2026-05-09 10:07:55 | DEBUG    | services.eda_service:create_categorical_analysis:224 - Kategorik çapraz analiz (sunburst) oluşturuldu
2026-05-09 10:07:56 | INFO     | services.model_metrics_service:compute_all_metrics:76 - Model metrikleri hesaplandı — F1: 1.0000, ROC-AUC: 1.0000
2026-05-09 10:07:56 | INFO     | services.fairness_service:compute_group_churn_rates:66 - Gender bazlı churn oranları hesaplandı
2026-05-09 10:07:56 | INFO     | services.fairness_service:compute_disparate_impact:107 - Disparate Impact (Gender): 1.0036 (✅ Hedef karşılandı)
2026-05-09 10:07:56 | INFO     | services.fairness_service:compute_group_churn_rates:66 - Geography bazlı churn oranları hesaplandı
2026-05-09 10:07:56 | INFO     | services.fairness_service:compute_disparate_impact:107 - Disparate Impact (Geography): 1.2494 (❌ Hedef karşılanmadı)
2026-05-09 10:07:56 | INFO     | services.fairness_service:compute_group_churn_rates:66 - Gender bazlı churn oranları hesaplandı
2026-05-09 10:07:56 | INFO     | services.fairness_service:compute_disparate_impact:107 - Disparate Impact (Gender): 1.0036 (✅ Hedef karşılandı)
2026-05-09 10:07:56 | INFO     | services.fairness_service:compute_group_churn_rates:66 - Geography bazlı churn oranları hesaplandı
2026-05-09 10:07:56 | INFO     | services.fairness_service:compute_disparate_impact:107 - Disparate Impact (Geography): 1.2494 (❌ Hedef karşılanmadı)
2026-05-09 10:07:57 | DEBUG    | services.customer_profile_service:create_shap_waterfall:137 - SHAP waterfall grafiği oluşturuldu
2026-05-09 10:07:57 | DEBUG    | services.customer_profile_service:find_similar_customers:195 - 5 benzer müşteri bulundu
2026-05-09 10:07:58 | DEBUG    | services.eda_service:get_summary_statistics:305 - Özet istatistikler hesaplandı: 500 müşteri
2026-05-09 10:07:58 | DEBUG    | services.eda_service:create_correlation_heatmap:80 - Korelasyon ısı haritası oluşturuldu
2026-05-09 10:07:58 | DEBUG    | services.eda_service:create_distribution_histograms:138 - Dağılım histogramları oluşturuldu
2026-05-09 10:07:58 | DEBUG    | services.eda_service:create_churn_boxplots:192 - Boxplot grafikleri oluşturuldu
2026-05-09 10:07:58 | DEBUG    | services.eda_service:create_churn_rate_by_category:277 - Kategorik churn oranı grafiği oluşturuldu
2026-05-09 10:07:59 | DEBUG    | services.eda_service:create_categorical_analysis:224 - Kategorik çapraz analiz (sunburst) oluşturuldu
2026-05-09 10:07:59 | INFO     | services.model_metrics_service:compute_all_metrics:76 - Model metrikleri hesaplandı — F1: 1.0000, ROC-AUC: 1.0000
2026-05-09 10:07:59 | INFO     | services.fairness_service:compute_group_churn_rates:66 - Gender bazlı churn oranları hesaplandı
2026-05-09 10:07:59 | INFO     | services.fairness_service:compute_disparate_impact:107 - Disparate Impact (Gender): 1.0036 (✅ Hedef karşılandı)
2026-05-09 10:07:59 | INFO     | services.fairness_service:compute_group_churn_rates:66 - Geography bazlı churn oranları hesaplandı
2026-05-09 10:07:59 | INFO     | services.fairness_service:compute_disparate_impact:107 - Disparate Impact (Geography): 1.2494 (❌ Hedef karşılanmadı)
2026-05-09 10:07:59 | INFO     | services.fairness_service:compute_group_churn_rates:66 - Gender bazlı churn oranları hesaplandı
2026-05-09 10:07:59 | INFO     | services.fairness_service:compute_disparate_impact:107 - Disparate Impact (Gender): 1.0036 (✅ Hedef karşılandı)
2026-05-09 10:07:59 | INFO     | services.fairness_service:compute_group_churn_rates:66 - Geography bazlı churn oranları hesaplandı
2026-05-09 10:07:59 | INFO     | services.fairness_service:compute_disparate_impact:107 - Disparate Impact (Geography): 1.2494 (❌ Hedef karşılanmadı)
2026-05-09 10:08:00 | DEBUG    | services.customer_profile_service:create_shap_waterfall:137 - SHAP waterfall grafiği oluşturuldu
2026-05-09 10:08:00 | DEBUG    | services.customer_profile_service:find_similar_customers:195 - 5 benzer müşteri bulundu
2026-05-09 10:08:30 | DEBUG    | services.eda_service:get_summary_statistics:305 - Özet istatistikler hesaplandı: 500 müşteri
2026-05-09 10:08:30 | DEBUG    | services.eda_service:create_correlation_heatmap:80 - Korelasyon ısı haritası oluşturuldu
2026-05-09 10:08:30 | DEBUG    | services.eda_service:create_distribution_histograms:138 - Dağılım histogramları oluşturuldu
2026-05-09 10:08:30 | DEBUG    | services.eda_service:create_churn_boxplots:192 - Boxplot grafikleri oluşturuldu
2026-05-09 10:08:30 | DEBUG    | services.eda_service:create_churn_rate_by_category:277 - Kategorik churn oranı grafiği oluşturuldu
2026-05-09 10:08:31 | DEBUG    | services.eda_service:create_categorical_analysis:224 - Kategorik çapraz analiz (sunburst) oluşturuldu
2026-05-09 10:08:31 | INFO     | services.model_metrics_service:compute_all_metrics:76 - Model metrikleri hesaplandı — F1: 1.0000, ROC-AUC: 1.0000
2026-05-09 10:08:31 | INFO     | services.fairness_service:compute_group_churn_rates:66 - Gender bazlı churn oranları hesaplandı
2026-05-09 10:08:31 | INFO     | services.fairness_service:compute_disparate_impact:107 - Disparate Impact (Gender): 1.0036 (✅ Hedef karşılandı)
2026-05-09 10:08:31 | INFO     | services.fairness_service:compute_group_churn_rates:66 - Geography bazlı churn oranları hesaplandı
2026-05-09 10:08:31 | INFO     | services.fairness_service:compute_disparate_impact:107 - Disparate Impact (Geography): 1.2494 (❌ Hedef karşılanmadı)
2026-05-09 10:08:31 | INFO     | services.fairness_service:compute_group_churn_rates:66 - Gender bazlı churn oranları hesaplandı
2026-05-09 10:08:31 | INFO     | services.fairness_service:compute_disparate_impact:107 - Disparate Impact (Gender): 1.0036 (✅ Hedef karşılandı)
2026-05-09 10:08:31 | INFO     | services.fairness_service:compute_group_churn_rates:66 - Geography bazlı churn oranları hesaplandı
2026-05-09 10:08:31 | INFO     | services.fairness_service:compute_disparate_impact:107 - Disparate Impact (Geography): 1.2494 (❌ Hedef karşılanmadı)
2026-05-09 10:08:33 | DEBUG    | services.customer_profile_service:create_shap_waterfall:137 - SHAP waterfall grafiği oluşturuldu
2026-05-09 10:08:33 | DEBUG    | services.customer_profile_service:find_similar_customers:195 - 5 benzer müşteri bulundu
2026-05-09 10:08:54 | DEBUG    | services.eda_service:get_summary_statistics:305 - Özet istatistikler hesaplandı: 500 müşteri
2026-05-09 10:08:54 | DEBUG    | services.eda_service:create_correlation_heatmap:80 - Korelasyon ısı haritası oluşturuldu
2026-05-09 10:08:55 | DEBUG    | services.eda_service:create_distribution_histograms:138 - Dağılım histogramları oluşturuldu
2026-05-09 10:08:55 | DEBUG    | services.eda_service:create_churn_boxplots:192 - Boxplot grafikleri oluşturuldu
2026-05-09 10:08:55 | DEBUG    | services.eda_service:create_churn_rate_by_category:277 - Kategorik churn oranı grafiği oluşturuldu
2026-05-09 10:08:55 | DEBUG    | services.eda_service:create_categorical_analysis:224 - Kategorik çapraz analiz (sunburst) oluşturuldu
2026-05-09 10:08:55 | INFO     | services.model_metrics_service:compute_all_metrics:76 - Model metrikleri hesaplandı — F1: 1.0000, ROC-AUC: 1.0000
2026-05-09 10:08:56 | INFO     | services.fairness_service:compute_group_churn_rates:66 - Gender bazlı churn oranları hesaplandı
2026-05-09 10:08:56 | INFO     | services.fairness_service:compute_disparate_impact:107 - Disparate Impact (Gender): 1.0036 (✅ Hedef karşılandı)
2026-05-09 10:08:56 | INFO     | services.fairness_service:compute_group_churn_rates:66 - Geography bazlı churn oranları hesaplandı
2026-05-09 10:08:56 | INFO     | services.fairness_service:compute_disparate_impact:107 - Disparate Impact (Geography): 1.2494 (❌ Hedef karşılanmadı)
2026-05-09 10:08:56 | INFO     | services.fairness_service:compute_group_churn_rates:66 - Gender bazlı churn oranları hesaplandı
2026-05-09 10:08:56 | INFO     | services.fairness_service:compute_disparate_impact:107 - Disparate Impact (Gender): 1.0036 (✅ Hedef karşılandı)
2026-05-09 10:08:56 | INFO     | services.fairness_service:compute_group_churn_rates:66 - Geography bazlı churn oranları hesaplandı
2026-05-09 10:08:56 | INFO     | services.fairness_service:compute_disparate_impact:107 - Disparate Impact (Geography): 1.2494 (❌ Hedef karşılanmadı)
2026-05-09 10:08:57 | DEBUG    | services.customer_profile_service:create_shap_waterfall:137 - SHAP waterfall grafiği oluşturuldu
2026-05-09 10:08:57 | DEBUG    | services.customer_profile_service:find_similar_customers:195 - 5 benzer müşteri bulundu
2026-05-09 10:10:39 | DEBUG    | services.eda_service:get_summary_statistics:305 - Özet istatistikler hesaplandı: 500 müşteri
2026-05-09 10:10:39 | DEBUG    | services.eda_service:create_correlation_heatmap:80 - Korelasyon ısı haritası oluşturuldu
2026-05-09 10:10:39 | DEBUG    | services.eda_service:create_distribution_histograms:138 - Dağılım histogramları oluşturuldu
2026-05-09 10:10:39 | DEBUG    | services.eda_service:create_churn_boxplots:192 - Boxplot grafikleri oluşturuldu
2026-05-09 10:10:39 | DEBUG    | services.eda_service:create_churn_rate_by_category:277 - Kategorik churn oranı grafiği oluşturuldu
2026-05-09 10:10:40 | DEBUG    | services.eda_service:create_categorical_analysis:224 - Kategorik çapraz analiz (sunburst) oluşturuldu
2026-05-09 10:10:40 | INFO     | services.model_metrics_service:compute_all_metrics:76 - Model metrikleri hesaplandı — F1: 1.0000, ROC-AUC: 1.0000
2026-05-09 10:10:40 | INFO     | services.fairness_service:compute_group_churn_rates:66 - Gender bazlı churn oranları hesaplandı
2026-05-09 10:10:40 | INFO     | services.fairness_service:compute_disparate_impact:107 - Disparate Impact (Gender): 1.0036 (✅ Hedef karşılandı)
2026-05-09 10:10:40 | INFO     | services.fairness_service:compute_group_churn_rates:66 - Geography bazlı churn oranları hesaplandı
2026-05-09 10:10:40 | INFO     | services.fairness_service:compute_disparate_impact:107 - Disparate Impact (Geography): 1.2494 (❌ Hedef karşılanmadı)
2026-05-09 10:10:40 | INFO     | services.fairness_service:compute_group_churn_rates:66 - Gender bazlı churn oranları hesaplandı
2026-05-09 10:10:40 | INFO     | services.fairness_service:compute_disparate_impact:107 - Disparate Impact (Gender): 1.0036 (✅ Hedef karşılandı)
2026-05-09 10:10:40 | INFO     | services.fairness_service:compute_group_churn_rates:66 - Geography bazlı churn oranları hesaplandı
2026-05-09 10:10:40 | INFO     | services.fairness_service:compute_disparate_impact:107 - Disparate Impact (Geography): 1.2494 (❌ Hedef karşılanmadı)
2026-05-09 10:10:50 | DEBUG    | services.eda_service:get_summary_statistics:305 - Özet istatistikler hesaplandı: 500 müşteri
2026-05-09 10:10:50 | DEBUG    | services.eda_service:create_correlation_heatmap:80 - Korelasyon ısı haritası oluşturuldu
2026-05-09 10:10:50 | DEBUG    | services.eda_service:create_distribution_histograms:138 - Dağılım histogramları oluşturuldu
2026-05-09 10:10:51 | DEBUG    | services.eda_service:create_churn_boxplots:192 - Boxplot grafikleri oluşturuldu
2026-05-09 10:10:51 | DEBUG    | services.eda_service:create_churn_rate_by_category:277 - Kategorik churn oranı grafiği oluşturuldu
2026-05-09 10:10:51 | DEBUG    | services.eda_service:create_categorical_analysis:224 - Kategorik çapraz analiz (sunburst) oluşturuldu
2026-05-09 10:10:51 | INFO     | services.model_metrics_service:compute_all_metrics:76 - Model metrikleri hesaplandı — F1: 1.0000, ROC-AUC: 1.0000
2026-05-09 10:10:51 | INFO     | services.fairness_service:compute_group_churn_rates:66 - Gender bazlı churn oranları hesaplandı
2026-05-09 10:10:51 | INFO     | services.fairness_service:compute_disparate_impact:107 - Disparate Impact (Gender): 1.0036 (✅ Hedef karşılandı)
2026-05-09 10:10:51 | INFO     | services.fairness_service:compute_group_churn_rates:66 - Geography bazlı churn oranları hesaplandı
2026-05-09 10:10:51 | INFO     | services.fairness_service:compute_disparate_impact:107 - Disparate Impact (Geography): 1.2494 (❌ Hedef karşılanmadı)
2026-05-09 10:10:52 | INFO     | services.fairness_service:compute_group_churn_rates:66 - Gender bazlı churn oranları hesaplandı
2026-05-09 10:10:52 | INFO     | services.fairness_service:compute_disparate_impact:107 - Disparate Impact (Gender): 1.0036 (✅ Hedef karşılandı)
2026-05-09 10:10:52 | INFO     | services.fairness_service:compute_group_churn_rates:66 - Geography bazlı churn oranları hesaplandı
2026-05-09 10:10:52 | INFO     | services.fairness_service:compute_disparate_impact:107 - Disparate Impact (Geography): 1.2494 (❌ Hedef karşılanmadı)
2026-05-09 10:10:53 | DEBUG    | services.eda_service:get_summary_statistics:305 - Özet istatistikler hesaplandı: 500 müşteri
2026-05-09 10:10:53 | DEBUG    | services.eda_service:create_correlation_heatmap:80 - Korelasyon ısı haritası oluşturuldu
2026-05-09 10:10:53 | DEBUG    | services.eda_service:create_distribution_histograms:138 - Dağılım histogramları oluşturuldu
2026-05-09 10:10:53 | DEBUG    | services.eda_service:create_churn_boxplots:192 - Boxplot grafikleri oluşturuldu
2026-05-09 10:10:53 | DEBUG    | services.eda_service:create_churn_rate_by_category:277 - Kategorik churn oranı grafiği oluşturuldu
2026-05-09 10:10:54 | DEBUG    | services.eda_service:create_categorical_analysis:224 - Kategorik çapraz analiz (sunburst) oluşturuldu
2026-05-09 10:10:54 | INFO     | services.model_metrics_service:compute_all_metrics:76 - Model metrikleri hesaplandı — F1: 1.0000, ROC-AUC: 1.0000
2026-05-09 10:10:55 | DEBUG    | services.eda_service:get_summary_statistics:305 - Özet istatistikler hesaplandı: 500 müşteri
2026-05-09 10:10:55 | DEBUG    | services.eda_service:create_correlation_heatmap:80 - Korelasyon ısı haritası oluşturuldu
2026-05-09 10:10:55 | DEBUG    | services.eda_service:create_distribution_histograms:138 - Dağılım histogramları oluşturuldu
2026-05-09 10:10:55 | DEBUG    | services.eda_service:create_churn_boxplots:192 - Boxplot grafikleri oluşturuldu
2026-05-09 10:10:55 | DEBUG    | services.eda_service:create_churn_rate_by_category:277 - Kategorik churn oranı grafiği oluşturuldu
2026-05-09 10:10:55 | DEBUG    | services.eda_service:create_categorical_analysis:224 - Kategorik çapraz analiz (sunburst) oluşturuldu
2026-05-09 10:10:55 | INFO     | services.model_metrics_service:compute_all_metrics:76 - Model metrikleri hesaplandı — F1: 1.0000, ROC-AUC: 1.0000
2026-05-09 10:10:56 | INFO     | services.fairness_service:compute_group_churn_rates:66 - Gender bazlı churn oranları hesaplandı
2026-05-09 10:10:56 | INFO     | services.fairness_service:compute_disparate_impact:107 - Disparate Impact (Gender): 1.0036 (✅ Hedef karşılandı)
2026-05-09 10:10:56 | INFO     | services.fairness_service:compute_group_churn_rates:66 - Geography bazlı churn oranları hesaplandı
2026-05-09 10:10:56 | INFO     | services.fairness_service:compute_disparate_impact:107 - Disparate Impact (Geography): 1.2494 (❌ Hedef karşılanmadı)
2026-05-09 10:10:56 | INFO     | services.fairness_service:compute_group_churn_rates:66 - Gender bazlı churn oranları hesaplandı
2026-05-09 10:10:56 | INFO     | services.fairness_service:compute_disparate_impact:107 - Disparate Impact (Gender): 1.0036 (✅ Hedef karşılandı)
2026-05-09 10:10:56 | INFO     | services.fairness_service:compute_group_churn_rates:66 - Geography bazlı churn oranları hesaplandı
2026-05-09 10:10:56 | INFO     | services.fairness_service:compute_disparate_impact:107 - Disparate Impact (Geography): 1.2494 (❌ Hedef karşılanmadı)
2026-05-09 10:10:59 | DEBUG    | services.eda_service:get_summary_statistics:305 - Özet istatistikler hesaplandı: 500 müşteri
2026-05-09 10:10:59 | DEBUG    | services.eda_service:create_correlation_heatmap:80 - Korelasyon ısı haritası oluşturuldu
2026-05-09 10:10:59 | DEBUG    | services.eda_service:create_distribution_histograms:138 - Dağılım histogramları oluşturuldu
2026-05-09 10:11:00 | DEBUG    | services.eda_service:create_churn_boxplots:192 - Boxplot grafikleri oluşturuldu
2026-05-09 10:11:00 | DEBUG    | services.eda_service:get_summary_statistics:305 - Özet istatistikler hesaplandı: 500 müşteri
2026-05-09 10:11:00 | DEBUG    | services.eda_service:create_correlation_heatmap:80 - Korelasyon ısı haritası oluşturuldu
2026-05-09 10:11:01 | DEBUG    | services.eda_service:create_distribution_histograms:138 - Dağılım histogramları oluşturuldu
2026-05-09 10:11:01 | DEBUG    | services.eda_service:create_churn_boxplots:192 - Boxplot grafikleri oluşturuldu
2026-05-09 10:11:01 | DEBUG    | services.eda_service:create_churn_rate_by_category:277 - Kategorik churn oranı grafiği oluşturuldu
2026-05-09 10:11:01 | DEBUG    | services.eda_service:create_categorical_analysis:224 - Kategorik çapraz analiz (sunburst) oluşturuldu
2026-05-09 10:11:01 | INFO     | services.model_metrics_service:compute_all_metrics:76 - Model metrikleri hesaplandı — F1: 1.0000, ROC-AUC: 1.0000
2026-05-09 10:11:02 | INFO     | services.fairness_service:compute_group_churn_rates:66 - Gender bazlı churn oranları hesaplandı
2026-05-09 10:11:02 | INFO     | services.fairness_service:compute_disparate_impact:107 - Disparate Impact (Gender): 1.0036 (✅ Hedef karşılandı)
2026-05-09 10:11:02 | INFO     | services.fairness_service:compute_group_churn_rates:66 - Geography bazlı churn oranları hesaplandı
2026-05-09 10:11:02 | INFO     | services.fairness_service:compute_disparate_impact:107 - Disparate Impact (Geography): 1.2494 (❌ Hedef karşılanmadı)
2026-05-09 10:11:02 | INFO     | services.fairness_service:compute_group_churn_rates:66 - Gender bazlı churn oranları hesaplandı
2026-05-09 10:11:02 | INFO     | services.fairness_service:compute_disparate_impact:107 - Disparate Impact (Gender): 1.0036 (✅ Hedef karşılandı)
2026-05-09 10:11:02 | INFO     | services.fairness_service:compute_group_churn_rates:66 - Geography bazlı churn oranları hesaplandı
2026-05-09 10:11:02 | INFO     | services.fairness_service:compute_disparate_impact:107 - Disparate Impact (Geography): 1.2494 (❌ Hedef karşılanmadı)
2026-05-09 10:11:03 | DEBUG    | services.customer_profile_service:create_shap_waterfall:137 - SHAP waterfall grafiği oluşturuldu
2026-05-09 10:11:03 | DEBUG    | services.customer_profile_service:find_similar_customers:195 - 5 benzer müşteri bulundu
2026-05-09 10:11:06 | DEBUG    | services.eda_service:get_summary_statistics:305 - Özet istatistikler hesaplandı: 500 müşteri
2026-05-09 10:11:06 | DEBUG    | services.eda_service:create_correlation_heatmap:80 - Korelasyon ısı haritası oluşturuldu
2026-05-09 10:11:06 | DEBUG    | services.eda_service:create_distribution_histograms:138 - Dağılım histogramları oluşturuldu
2026-05-09 10:11:07 | DEBUG    | services.eda_service:create_churn_boxplots:192 - Boxplot grafikleri oluşturuldu
2026-05-09 10:11:07 | DEBUG    | services.eda_service:create_churn_rate_by_category:277 - Kategorik churn oranı grafiği oluşturuldu
2026-05-09 10:11:07 | DEBUG    | services.eda_service:create_categorical_analysis:224 - Kategorik çapraz analiz (sunburst) oluşturuldu
2026-05-09 10:11:07 | INFO     | services.model_metrics_service:compute_all_metrics:76 - Model metrikleri hesaplandı — F1: 1.0000, ROC-AUC: 1.0000
2026-05-09 10:11:07 | INFO     | services.fairness_service:compute_group_churn_rates:66 - Gender bazlı churn oranları hesaplandı
2026-05-09 10:11:07 | INFO     | services.fairness_service:compute_disparate_impact:107 - Disparate Impact (Gender): 1.0036 (✅ Hedef karşılandı)
2026-05-09 10:11:07 | INFO     | services.fairness_service:compute_group_churn_rates:66 - Geography bazlı churn oranları hesaplandı
2026-05-09 10:11:07 | INFO     | services.fairness_service:compute_disparate_impact:107 - Disparate Impact (Geography): 1.2494 (❌ Hedef karşılanmadı)
2026-05-09 10:11:07 | INFO     | services.fairness_service:compute_group_churn_rates:66 - Gender bazlı churn oranları hesaplandı
2026-05-09 10:11:07 | INFO     | services.fairness_service:compute_disparate_impact:107 - Disparate Impact (Gender): 1.0036 (✅ Hedef karşılandı)
2026-05-09 10:11:08 | INFO     | services.fairness_service:compute_group_churn_rates:66 - Geography bazlı churn oranları hesaplandı
2026-05-09 10:11:08 | INFO     | services.fairness_service:compute_disparate_impact:107 - Disparate Impact (Geography): 1.2494 (❌ Hedef karşılanmadı)
2026-05-09 10:11:09 | DEBUG    | services.customer_profile_service:create_shap_waterfall:137 - SHAP waterfall grafiği oluşturuldu
2026-05-09 10:11:09 | DEBUG    | services.customer_profile_service:find_similar_customers:195 - 5 benzer müşteri bulundu
2026-05-09 10:11:10 | DEBUG    | services.eda_service:get_summary_statistics:305 - Özet istatistikler hesaplandı: 500 müşteri
2026-05-09 10:11:10 | DEBUG    | services.eda_service:create_correlation_heatmap:80 - Korelasyon ısı haritası oluşturuldu
2026-05-09 10:11:10 | DEBUG    | services.eda_service:create_distribution_histograms:138 - Dağılım histogramları oluşturuldu
2026-05-09 10:11:10 | DEBUG    | services.eda_service:create_churn_boxplots:192 - Boxplot grafikleri oluşturuldu
2026-05-09 10:11:11 | DEBUG    | services.eda_service:create_churn_rate_by_category:277 - Kategorik churn oranı grafiği oluşturuldu
2026-05-09 10:11:11 | DEBUG    | services.eda_service:create_categorical_analysis:224 - Kategorik çapraz analiz (sunburst) oluşturuldu
2026-05-09 10:11:11 | INFO     | services.model_metrics_service:compute_all_metrics:76 - Model metrikleri hesaplandı — F1: 1.0000, ROC-AUC: 1.0000
2026-05-09 10:11:12 | INFO     | services.fairness_service:compute_group_churn_rates:66 - Gender bazlı churn oranları hesaplandı
2026-05-09 10:11:12 | INFO     | services.fairness_service:compute_disparate_impact:107 - Disparate Impact (Gender): 1.0036 (✅ Hedef karşılandı)
2026-05-09 10:11:12 | INFO     | services.fairness_service:compute_group_churn_rates:66 - Geography bazlı churn oranları hesaplandı
2026-05-09 10:11:12 | INFO     | services.fairness_service:compute_disparate_impact:107 - Disparate Impact (Geography): 1.2494 (❌ Hedef karşılanmadı)
2026-05-09 10:11:12 | INFO     | services.fairness_service:compute_group_churn_rates:66 - Gender bazlı churn oranları hesaplandı
2026-05-09 10:11:12 | INFO     | services.fairness_service:compute_disparate_impact:107 - Disparate Impact (Gender): 1.0036 (✅ Hedef karşılandı)
2026-05-09 10:11:12 | INFO     | services.fairness_service:compute_group_churn_rates:66 - Geography bazlı churn oranları hesaplandı
2026-05-09 10:11:12 | INFO     | services.fairness_service:compute_disparate_impact:107 - Disparate Impact (Geography): 1.2494 (❌ Hedef karşılanmadı)
2026-05-09 10:11:13 | DEBUG    | services.eda_service:get_summary_statistics:305 - Özet istatistikler hesaplandı: 500 müşteri
2026-05-09 10:11:13 | DEBUG    | services.eda_service:create_correlation_heatmap:80 - Korelasyon ısı haritası oluşturuldu
2026-05-09 10:11:13 | DEBUG    | services.eda_service:create_distribution_histograms:138 - Dağılım histogramları oluşturuldu
2026-05-09 10:11:14 | DEBUG    | services.eda_service:create_churn_boxplots:192 - Boxplot grafikleri oluşturuldu
2026-05-09 10:11:14 | DEBUG    | services.customer_profile_service:create_shap_waterfall:137 - SHAP waterfall grafiği oluşturuldu
2026-05-09 10:11:14 | DEBUG    | services.eda_service:create_churn_rate_by_category:277 - Kategorik churn oranı grafiği oluşturuldu
2026-05-09 10:11:15 | DEBUG    | services.eda_service:create_categorical_analysis:224 - Kategorik çapraz analiz (sunburst) oluşturuldu
2026-05-09 10:11:15 | INFO     | services.model_metrics_service:compute_all_metrics:76 - Model metrikleri hesaplandı — F1: 1.0000, ROC-AUC: 1.0000
2026-05-09 10:11:15 | INFO     | services.fairness_service:compute_group_churn_rates:66 - Gender bazlı churn oranları hesaplandı
2026-05-09 10:11:15 | INFO     | services.fairness_service:compute_disparate_impact:107 - Disparate Impact (Gender): 1.0036 (✅ Hedef karşılandı)
2026-05-09 10:11:15 | INFO     | services.fairness_service:compute_group_churn_rates:66 - Geography bazlı churn oranları hesaplandı
2026-05-09 10:11:15 | INFO     | services.fairness_service:compute_disparate_impact:107 - Disparate Impact (Geography): 1.2494 (❌ Hedef karşılanmadı)
2026-05-09 10:11:15 | INFO     | services.fairness_service:compute_group_churn_rates:66 - Gender bazlı churn oranları hesaplandı
2026-05-09 10:11:15 | INFO     | services.fairness_service:compute_disparate_impact:107 - Disparate Impact (Gender): 1.0036 (✅ Hedef karşılandı)
2026-05-09 10:11:15 | INFO     | services.fairness_service:compute_group_churn_rates:66 - Geography bazlı churn oranları hesaplandı
2026-05-09 10:11:15 | INFO     | services.fairness_service:compute_disparate_impact:107 - Disparate Impact (Geography): 1.2494 (❌ Hedef karşılanmadı)
2026-05-09 10:11:16 | DEBUG    | services.customer_profile_service:create_shap_waterfall:137 - SHAP waterfall grafiği oluşturuldu
2026-05-09 10:11:16 | DEBUG    | services.customer_profile_service:find_similar_customers:195 - 5 benzer müşteri bulundu
2026-05-09 10:11:26 | DEBUG    | services.eda_service:get_summary_statistics:305 - Özet istatistikler hesaplandı: 500 müşteri
2026-05-09 10:11:26 | DEBUG    | services.eda_service:create_correlation_heatmap:80 - Korelasyon ısı haritası oluşturuldu
2026-05-09 10:11:26 | DEBUG    | services.eda_service:create_distribution_histograms:138 - Dağılım histogramları oluşturuldu
2026-05-09 10:11:27 | DEBUG    | services.eda_service:create_churn_boxplots:192 - Boxplot grafikleri oluşturuldu
2026-05-09 10:11:27 | DEBUG    | services.eda_service:create_churn_rate_by_category:277 - Kategorik churn oranı grafiği oluşturuldu
2026-05-09 10:11:27 | DEBUG    | services.eda_service:create_categorical_analysis:224 - Kategorik çapraz analiz (sunburst) oluşturuldu
2026-05-09 10:11:27 | INFO     | services.model_metrics_service:compute_all_metrics:76 - Model metrikleri hesaplandı — F1: 1.0000, ROC-AUC: 1.0000
2026-05-09 10:11:27 | INFO     | services.fairness_service:compute_group_churn_rates:66 - Gender bazlı churn oranları hesaplandı
2026-05-09 10:11:27 | INFO     | services.fairness_service:compute_disparate_impact:107 - Disparate Impact (Gender): 1.0036 (✅ Hedef karşılandı)
2026-05-09 10:11:27 | INFO     | services.fairness_service:compute_group_churn_rates:66 - Geography bazlı churn oranları hesaplandı
2026-05-09 10:11:27 | INFO     | services.fairness_service:compute_disparate_impact:107 - Disparate Impact (Geography): 1.2494 (❌ Hedef karşılanmadı)
2026-05-09 10:11:27 | INFO     | services.fairness_service:compute_group_churn_rates:66 - Gender bazlı churn oranları hesaplandı
2026-05-09 10:11:27 | INFO     | services.fairness_service:compute_disparate_impact:107 - Disparate Impact (Gender): 1.0036 (✅ Hedef karşılandı)
2026-05-09 10:11:28 | INFO     | services.fairness_service:compute_group_churn_rates:66 - Geography bazlı churn oranları hesaplandı
2026-05-09 10:11:28 | INFO     | services.fairness_service:compute_disparate_impact:107 - Disparate Impact (Geography): 1.2494 (❌ Hedef karşılanmadı)
2026-05-09 10:11:29 | DEBUG    | services.eda_service:get_summary_statistics:305 - Özet istatistikler hesaplandı: 500 müşteri
2026-05-09 10:11:29 | DEBUG    | services.eda_service:create_correlation_heatmap:80 - Korelasyon ısı haritası oluşturuldu
2026-05-09 10:11:30 | DEBUG    | services.eda_service:create_distribution_histograms:138 - Dağılım histogramları oluşturuldu
2026-05-09 10:11:30 | DEBUG    | services.eda_service:create_churn_boxplots:192 - Boxplot grafikleri oluşturuldu
2026-05-09 10:11:30 | DEBUG    | services.eda_service:create_churn_rate_by_category:277 - Kategorik churn oranı grafiği oluşturuldu
2026-05-09 10:11:30 | DEBUG    | services.customer_profile_service:create_shap_waterfall:137 - SHAP waterfall grafiği oluşturuldu
2026-05-09 10:11:31 | DEBUG    | services.eda_service:create_categorical_analysis:224 - Kategorik çapraz analiz (sunburst) oluşturuldu
2026-05-09 10:11:31 | INFO     | services.model_metrics_service:compute_all_metrics:76 - Model metrikleri hesaplandı — F1: 1.0000, ROC-AUC: 1.0000
2026-05-09 10:11:31 | INFO     | services.fairness_service:compute_group_churn_rates:66 - Gender bazlı churn oranları hesaplandı
2026-05-09 10:11:31 | INFO     | services.fairness_service:compute_disparate_impact:107 - Disparate Impact (Gender): 1.0036 (✅ Hedef karşılandı)
2026-05-09 10:11:31 | INFO     | services.fairness_service:compute_group_churn_rates:66 - Geography bazlı churn oranları hesaplandı
2026-05-09 10:11:31 | INFO     | services.fairness_service:compute_disparate_impact:107 - Disparate Impact (Geography): 1.2494 (❌ Hedef karşılanmadı)
2026-05-09 10:11:31 | INFO     | services.fairness_service:compute_group_churn_rates:66 - Gender bazlı churn oranları hesaplandı
2026-05-09 10:11:31 | INFO     | services.fairness_service:compute_disparate_impact:107 - Disparate Impact (Gender): 1.0036 (✅ Hedef karşılandı)
2026-05-09 10:11:31 | INFO     | services.fairness_service:compute_group_churn_rates:66 - Geography bazlı churn oranları hesaplandı
2026-05-09 10:11:31 | INFO     | services.fairness_service:compute_disparate_impact:107 - Disparate Impact (Geography): 1.2494 (❌ Hedef karşılanmadı)
2026-05-09 10:11:32 | INFO     | agents.churn_agent:assess_risk:51 - Risk değerlendirmesi: acil (prob=0.80)
2026-05-09 10:11:32 | DEBUG    | agents.churn_agent:select_channel:73 - İletişim kanalı seçildi: 📞 Telefon + 📧 E-posta (Müşteri Temsilcisi Ataması)
2026-05-09 10:11:32 | WARNING  | agents.churn_agent:generate_campaign:154 - LLM Kampanya üretimi başarısız oldu, kural tabanlı mesaj kullanılıyor. Hata: No module named 'google.generativeai'
2026-05-09 10:11:32 | DEBUG    | agents.churn_agent:calculate_budget:177 - Bütçe hesaplandı: €500.0
2026-05-09 10:11:32 | INFO     | agents.churn_agent:run_agent:257 - Ajan akışı tamamlandı: Acil Elde Tutma Paketi (bütçe: €500)
2026-05-09 10:11:32 | DEBUG    | services.eda_service:get_summary_statistics:305 - Özet istatistikler hesaplandı: 500 müşteri
2026-05-09 10:11:33 | DEBUG    | services.eda_service:create_correlation_heatmap:80 - Korelasyon ısı haritası oluşturuldu
2026-05-09 10:11:33 | DEBUG    | services.eda_service:create_distribution_histograms:138 - Dağılım histogramları oluşturuldu
2026-05-09 10:11:33 | DEBUG    | services.customer_profile_service:create_shap_waterfall:137 - SHAP waterfall grafiği oluşturuldu
2026-05-09 10:11:33 | DEBUG    | services.eda_service:create_churn_boxplots:192 - Boxplot grafikleri oluşturuldu
2026-05-09 10:11:34 | DEBUG    | services.eda_service:create_churn_rate_by_category:277 - Kategorik churn oranı grafiği oluşturuldu
2026-05-09 10:11:34 | DEBUG    | services.eda_service:create_categorical_analysis:224 - Kategorik çapraz analiz (sunburst) oluşturuldu
2026-05-09 10:11:34 | INFO     | services.model_metrics_service:compute_all_metrics:76 - Model metrikleri hesaplandı — F1: 1.0000, ROC-AUC: 1.0000
2026-05-09 10:11:34 | INFO     | services.fairness_service:compute_group_churn_rates:66 - Gender bazlı churn oranları hesaplandı
2026-05-09 10:11:34 | INFO     | services.fairness_service:compute_disparate_impact:107 - Disparate Impact (Gender): 1.0036 (✅ Hedef karşılandı)
2026-05-09 10:11:34 | INFO     | services.fairness_service:compute_group_churn_rates:66 - Geography bazlı churn oranları hesaplandı
2026-05-09 10:11:34 | INFO     | services.fairness_service:compute_disparate_impact:107 - Disparate Impact (Geography): 1.2494 (❌ Hedef karşılanmadı)
2026-05-09 10:11:34 | INFO     | services.fairness_service:compute_group_churn_rates:66 - Gender bazlı churn oranları hesaplandı
2026-05-09 10:11:35 | INFO     | services.fairness_service:compute_disparate_impact:107 - Disparate Impact (Gender): 1.0036 (✅ Hedef karşılandı)
2026-05-09 10:11:35 | INFO     | services.fairness_service:compute_group_churn_rates:66 - Geography bazlı churn oranları hesaplandı
2026-05-09 10:11:35 | INFO     | services.fairness_service:compute_disparate_impact:107 - Disparate Impact (Geography): 1.2494 (❌ Hedef karşılanmadı)
2026-05-09 10:11:36 | DEBUG    | services.customer_profile_service:create_shap_waterfall:137 - SHAP waterfall grafiği oluşturuldu
2026-05-09 10:11:36 | DEBUG    | services.customer_profile_service:find_similar_customers:195 - 5 benzer müşteri bulundu
2026-05-09 10:14:11 | DEBUG    | services.eda_service:get_summary_statistics:305 - Özet istatistikler hesaplandı: 500 müşteri
2026-05-09 10:14:11 | DEBUG    | services.eda_service:create_correlation_heatmap:80 - Korelasyon ısı haritası oluşturuldu
2026-05-09 10:14:11 | DEBUG    | services.eda_service:create_distribution_histograms:138 - Dağılım histogramları oluşturuldu
2026-05-09 10:14:12 | DEBUG    | services.eda_service:create_churn_boxplots:192 - Boxplot grafikleri oluşturuldu
2026-05-09 10:14:12 | DEBUG    | services.eda_service:create_churn_rate_by_category:277 - Kategorik churn oranı grafiği oluşturuldu
2026-05-09 10:14:12 | DEBUG    | services.eda_service:create_categorical_analysis:224 - Kategorik çapraz analiz (sunburst) oluşturuldu
2026-05-09 10:14:12 | INFO     | services.model_metrics_service:compute_all_metrics:76 - Model metrikleri hesaplandı — F1: 1.0000, ROC-AUC: 1.0000
2026-05-09 10:14:12 | INFO     | services.fairness_service:compute_group_churn_rates:66 - Gender bazlı churn oranları hesaplandı
2026-05-09 10:14:12 | INFO     | services.fairness_service:compute_disparate_impact:107 - Disparate Impact (Gender): 1.0036 (✅ Hedef karşılandı)
2026-05-09 10:14:12 | INFO     | services.fairness_service:compute_group_churn_rates:66 - Geography bazlı churn oranları hesaplandı
2026-05-09 10:14:12 | INFO     | services.fairness_service:compute_disparate_impact:107 - Disparate Impact (Geography): 1.2494 (❌ Hedef karşılanmadı)
2026-05-09 10:14:12 | INFO     | services.fairness_service:compute_group_churn_rates:66 - Gender bazlı churn oranları hesaplandı
2026-05-09 10:14:12 | INFO     | services.fairness_service:compute_disparate_impact:107 - Disparate Impact (Gender): 1.0036 (✅ Hedef karşılandı)
2026-05-09 10:14:13 | INFO     | services.fairness_service:compute_group_churn_rates:66 - Geography bazlı churn oranları hesaplandı
2026-05-09 10:14:13 | INFO     | services.fairness_service:compute_disparate_impact:107 - Disparate Impact (Geography): 1.2494 (❌ Hedef karşılanmadı)
2026-05-09 10:14:17 | DEBUG    | services.eda_service:get_summary_statistics:305 - Özet istatistikler hesaplandı: 500 müşteri
2026-05-09 10:14:17 | DEBUG    | services.eda_service:create_correlation_heatmap:80 - Korelasyon ısı haritası oluşturuldu
2026-05-09 10:14:17 | DEBUG    | services.eda_service:create_distribution_histograms:138 - Dağılım histogramları oluşturuldu
2026-05-09 10:14:17 | DEBUG    | services.eda_service:create_churn_boxplots:192 - Boxplot grafikleri oluşturuldu
2026-05-09 10:14:17 | DEBUG    | services.eda_service:create_churn_rate_by_category:277 - Kategorik churn oranı grafiği oluşturuldu
2026-05-09 10:14:17 | DEBUG    | services.eda_service:create_categorical_analysis:224 - Kategorik çapraz analiz (sunburst) oluşturuldu
2026-05-09 10:14:17 | INFO     | services.model_metrics_service:compute_all_metrics:76 - Model metrikleri hesaplandı — F1: 1.0000, ROC-AUC: 1.0000
2026-05-09 10:14:18 | INFO     | services.fairness_service:compute_group_churn_rates:66 - Gender bazlı churn oranları hesaplandı
2026-05-09 10:14:18 | INFO     | services.fairness_service:compute_disparate_impact:107 - Disparate Impact (Gender): 1.0036 (✅ Hedef karşılandı)
2026-05-09 10:14:18 | INFO     | services.fairness_service:compute_group_churn_rates:66 - Geography bazlı churn oranları hesaplandı
2026-05-09 10:14:18 | INFO     | services.fairness_service:compute_disparate_impact:107 - Disparate Impact (Geography): 1.2494 (❌ Hedef karşılanmadı)
2026-05-09 10:14:18 | INFO     | services.fairness_service:compute_group_churn_rates:66 - Gender bazlı churn oranları hesaplandı
2026-05-09 10:14:18 | INFO     | services.fairness_service:compute_disparate_impact:107 - Disparate Impact (Gender): 1.0036 (✅ Hedef karşılandı)
2026-05-09 10:14:18 | INFO     | services.fairness_service:compute_group_churn_rates:66 - Geography bazlı churn oranları hesaplandı
2026-05-09 10:14:18 | INFO     | services.fairness_service:compute_disparate_impact:107 - Disparate Impact (Geography): 1.2494 (❌ Hedef karşılanmadı)
2026-05-09 10:14:19 | DEBUG    | services.eda_service:get_summary_statistics:305 - Özet istatistikler hesaplandı: 500 müşteri
2026-05-09 10:14:19 | DEBUG    | services.eda_service:create_correlation_heatmap:80 - Korelasyon ısı haritası oluşturuldu
2026-05-09 10:14:19 | DEBUG    | services.eda_service:create_distribution_histograms:138 - Dağılım histogramları oluşturuldu
2026-05-09 10:14:20 | DEBUG    | services.eda_service:create_churn_boxplots:192 - Boxplot grafikleri oluşturuldu
2026-05-09 10:14:20 | DEBUG    | services.eda_service:create_churn_rate_by_category:277 - Kategorik churn oranı grafiği oluşturuldu
2026-05-09 10:14:20 | DEBUG    | services.eda_service:create_categorical_analysis:224 - Kategorik çapraz analiz (sunburst) oluşturuldu
2026-05-09 10:14:20 | INFO     | services.model_metrics_service:compute_all_metrics:76 - Model metrikleri hesaplandı — F1: 1.0000, ROC-AUC: 1.0000
2026-05-09 10:14:20 | INFO     | services.fairness_service:compute_group_churn_rates:66 - Gender bazlı churn oranları hesaplandı
2026-05-09 10:14:20 | INFO     | services.fairness_service:compute_disparate_impact:107 - Disparate Impact (Gender): 1.0036 (✅ Hedef karşılandı)
2026-05-09 10:14:20 | INFO     | services.fairness_service:compute_group_churn_rates:66 - Geography bazlı churn oranları hesaplandı
2026-05-09 10:14:20 | INFO     | services.fairness_service:compute_disparate_impact:107 - Disparate Impact (Geography): 1.2494 (❌ Hedef karşılanmadı)
2026-05-09 10:14:20 | INFO     | services.fairness_service:compute_group_churn_rates:66 - Gender bazlı churn oranları hesaplandı
2026-05-09 10:14:20 | INFO     | services.fairness_service:compute_disparate_impact:107 - Disparate Impact (Gender): 1.0036 (✅ Hedef karşılandı)
2026-05-09 10:14:21 | INFO     | services.fairness_service:compute_group_churn_rates:66 - Geography bazlı churn oranları hesaplandı
2026-05-09 10:14:21 | INFO     | services.fairness_service:compute_disparate_impact:107 - Disparate Impact (Geography): 1.2494 (❌ Hedef karşılanmadı)
2026-05-09 10:14:26 | DEBUG    | services.eda_service:get_summary_statistics:305 - Özet istatistikler hesaplandı: 500 müşteri
2026-05-09 10:14:26 | DEBUG    | services.eda_service:create_correlation_heatmap:80 - Korelasyon ısı haritası oluşturuldu
2026-05-09 10:14:26 | DEBUG    | services.eda_service:create_distribution_histograms:138 - Dağılım histogramları oluşturuldu
2026-05-09 10:14:26 | DEBUG    | services.eda_service:create_churn_boxplots:192 - Boxplot grafikleri oluşturuldu
2026-05-09 10:14:26 | DEBUG    | services.eda_service:create_churn_rate_by_category:277 - Kategorik churn oranı grafiği oluşturuldu
2026-05-09 10:14:27 | DEBUG    | services.eda_service:create_categorical_analysis:224 - Kategorik çapraz analiz (sunburst) oluşturuldu
2026-05-09 10:14:27 | INFO     | services.model_metrics_service:compute_all_metrics:76 - Model metrikleri hesaplandı — F1: 1.0000, ROC-AUC: 1.0000
2026-05-09 10:14:27 | INFO     | services.fairness_service:compute_group_churn_rates:66 - Gender bazlı churn oranları hesaplandı
2026-05-09 10:14:27 | INFO     | services.fairness_service:compute_disparate_impact:107 - Disparate Impact (Gender): 1.0036 (✅ Hedef karşılandı)
2026-05-09 10:14:27 | INFO     | services.fairness_service:compute_group_churn_rates:66 - Geography bazlı churn oranları hesaplandı
2026-05-09 10:14:27 | INFO     | services.fairness_service:compute_disparate_impact:107 - Disparate Impact (Geography): 1.2494 (❌ Hedef karşılanmadı)
2026-05-09 10:14:27 | INFO     | services.fairness_service:compute_group_churn_rates:66 - Gender bazlı churn oranları hesaplandı
2026-05-09 10:14:27 | INFO     | services.fairness_service:compute_disparate_impact:107 - Disparate Impact (Gender): 1.0036 (✅ Hedef karşılandı)
2026-05-09 10:14:27 | INFO     | services.fairness_service:compute_group_churn_rates:66 - Geography bazlı churn oranları hesaplandı
2026-05-09 10:14:27 | INFO     | services.fairness_service:compute_disparate_impact:107 - Disparate Impact (Geography): 1.2494 (❌ Hedef karşılanmadı)
2026-05-09 10:14:29 | DEBUG    | services.eda_service:get_summary_statistics:305 - Özet istatistikler hesaplandı: 500 müşteri
2026-05-09 10:14:29 | DEBUG    | services.eda_service:create_correlation_heatmap:80 - Korelasyon ısı haritası oluşturuldu
2026-05-09 10:14:30 | DEBUG    | services.eda_service:create_distribution_histograms:138 - Dağılım histogramları oluşturuldu
2026-05-09 10:14:30 | DEBUG    | services.eda_service:get_summary_statistics:305 - Özet istatistikler hesaplandı: 500 müşteri
2026-05-09 10:14:30 | DEBUG    | services.eda_service:create_correlation_heatmap:80 - Korelasyon ısı haritası oluşturuldu
2026-05-09 10:14:31 | DEBUG    | services.eda_service:create_distribution_histograms:138 - Dağılım histogramları oluşturuldu
2026-05-09 10:14:31 | DEBUG    | services.eda_service:create_churn_boxplots:192 - Boxplot grafikleri oluşturuldu
2026-05-09 10:14:31 | DEBUG    | services.eda_service:create_churn_rate_by_category:277 - Kategorik churn oranı grafiği oluşturuldu
2026-05-09 10:14:31 | DEBUG    | services.eda_service:create_categorical_analysis:224 - Kategorik çapraz analiz (sunburst) oluşturuldu
2026-05-09 10:14:31 | INFO     | services.model_metrics_service:compute_all_metrics:76 - Model metrikleri hesaplandı — F1: 1.0000, ROC-AUC: 1.0000
2026-05-09 10:14:31 | INFO     | services.fairness_service:compute_group_churn_rates:66 - Gender bazlı churn oranları hesaplandı
2026-05-09 10:14:31 | INFO     | services.fairness_service:compute_disparate_impact:107 - Disparate Impact (Gender): 1.0036 (✅ Hedef karşılandı)
2026-05-09 10:14:31 | INFO     | services.fairness_service:compute_group_churn_rates:66 - Geography bazlı churn oranları hesaplandı
2026-05-09 10:14:31 | INFO     | services.fairness_service:compute_disparate_impact:107 - Disparate Impact (Geography): 1.2494 (❌ Hedef karşılanmadı)
2026-05-09 10:14:32 | INFO     | services.fairness_service:compute_group_churn_rates:66 - Gender bazlı churn oranları hesaplandı
2026-05-09 10:14:32 | INFO     | services.fairness_service:compute_disparate_impact:107 - Disparate Impact (Gender): 1.0036 (✅ Hedef karşılandı)
2026-05-09 10:14:32 | INFO     | services.fairness_service:compute_group_churn_rates:66 - Geography bazlı churn oranları hesaplandı
2026-05-09 10:14:32 | INFO     | services.fairness_service:compute_disparate_impact:107 - Disparate Impact (Geography): 1.2494 (❌ Hedef karşılanmadı)
2026-05-09 10:14:33 | DEBUG    | services.customer_profile_service:create_shap_waterfall:137 - SHAP waterfall grafiği oluşturuldu
2026-05-09 10:14:33 | DEBUG    | services.customer_profile_service:find_similar_customers:195 - 5 benzer müşteri bulundu
2026-05-09 10:14:34 | INFO     | agents.churn_agent:assess_risk:54 - Risk değerlendirmesi: acil (prob=0.78)
2026-05-09 10:14:34 | DEBUG    | agents.churn_agent:select_channel:76 - İletişim kanalı seçildi: 📞 Telefon + 📧 E-posta (Müşteri Temsilcisi Ataması)
2026-05-09 10:14:34 | ERROR    | agents.churn_agent:generate_campaign:137 - Gemini hatası: No module named 'google.generativeai'
2026-05-09 10:14:45 | ERROR    | agents.churn_agent:generate_campaign:165 - OpenAI hatası: Error code: 401 - {'error': {'message': 'Incorrect API key provided: gsk_wb7q********************************************Yq6r. You can find your API key at https://platform.openai.com/account/api-keys.', 'type': 'invalid_request_error', 'param': None, 'code': 'invalid_api_key'}}
2026-05-09 10:14:45 | DEBUG    | agents.churn_agent:calculate_budget:191 - Bütçe hesaplandı: €500.0
2026-05-09 10:14:45 | INFO     | agents.churn_agent:run_agent:274 - Ajan akışı tamamlandı: Acil Elde Tutma Paketi (bütçe: €500)
2026-05-09 10:14:45 | DEBUG    | services.eda_service:get_summary_statistics:305 - Özet istatistikler hesaplandı: 500 müşteri
2026-05-09 10:14:45 | DEBUG    | services.eda_service:create_correlation_heatmap:80 - Korelasyon ısı haritası oluşturuldu
2026-05-09 10:14:45 | DEBUG    | services.eda_service:create_distribution_histograms:138 - Dağılım histogramları oluşturuldu
2026-05-09 10:14:46 | DEBUG    | services.eda_service:create_churn_boxplots:192 - Boxplot grafikleri oluşturuldu
2026-05-09 10:14:46 | DEBUG    | services.eda_service:create_churn_rate_by_category:277 - Kategorik churn oranı grafiği oluşturuldu
2026-05-09 10:14:46 | DEBUG    | services.eda_service:create_categorical_analysis:224 - Kategorik çapraz analiz (sunburst) oluşturuldu
2026-05-09 10:14:46 | INFO     | services.model_metrics_service:compute_all_metrics:76 - Model metrikleri hesaplandı — F1: 1.0000, ROC-AUC: 1.0000
2026-05-09 10:14:46 | INFO     | services.fairness_service:compute_group_churn_rates:66 - Gender bazlı churn oranları hesaplandı
2026-05-09 10:14:46 | INFO     | services.fairness_service:compute_disparate_impact:107 - Disparate Impact (Gender): 1.0036 (✅ Hedef karşılandı)
2026-05-09 10:14:46 | INFO     | services.fairness_service:compute_group_churn_rates:66 - Geography bazlı churn oranları hesaplandı
2026-05-09 10:14:46 | INFO     | services.fairness_service:compute_disparate_impact:107 - Disparate Impact (Geography): 1.2494 (❌ Hedef karşılanmadı)
2026-05-09 10:14:46 | INFO     | services.fairness_service:compute_group_churn_rates:66 - Gender bazlı churn oranları hesaplandı
2026-05-09 10:14:46 | INFO     | services.fairness_service:compute_disparate_impact:107 - Disparate Impact (Gender): 1.0036 (✅ Hedef karşılandı)
2026-05-09 10:14:46 | INFO     | services.fairness_service:compute_group_churn_rates:66 - Geography bazlı churn oranları hesaplandı
2026-05-09 10:14:46 | INFO     | services.fairness_service:compute_disparate_impact:107 - Disparate Impact (Geography): 1.2494 (❌ Hedef karşılanmadı)
2026-05-09 10:14:48 | DEBUG    | services.customer_profile_service:create_shap_waterfall:137 - SHAP waterfall grafiği oluşturuldu
2026-05-09 10:14:48 | DEBUG    | services.customer_profile_service:find_similar_customers:195 - 5 benzer müşteri bulundu
2026-05-09 10:15:27 | DEBUG    | services.eda_service:get_summary_statistics:305 - Özet istatistikler hesaplandı: 500 müşteri
2026-05-09 10:15:27 | DEBUG    | services.eda_service:create_correlation_heatmap:80 - Korelasyon ısı haritası oluşturuldu
2026-05-09 10:15:27 | DEBUG    | services.eda_service:create_distribution_histograms:138 - Dağılım histogramları oluşturuldu
2026-05-09 10:15:27 | DEBUG    | services.eda_service:create_churn_boxplots:192 - Boxplot grafikleri oluşturuldu
2026-05-09 10:15:27 | DEBUG    | services.eda_service:create_churn_rate_by_category:277 - Kategorik churn oranı grafiği oluşturuldu
2026-05-09 10:15:28 | DEBUG    | services.eda_service:create_categorical_analysis:224 - Kategorik çapraz analiz (sunburst) oluşturuldu
2026-05-09 10:15:28 | INFO     | services.model_metrics_service:compute_all_metrics:76 - Model metrikleri hesaplandı — F1: 1.0000, ROC-AUC: 1.0000
2026-05-09 10:15:28 | INFO     | services.fairness_service:compute_group_churn_rates:66 - Gender bazlı churn oranları hesaplandı
2026-05-09 10:15:28 | INFO     | services.fairness_service:compute_disparate_impact:107 - Disparate Impact (Gender): 1.0036 (✅ Hedef karşılandı)
2026-05-09 10:15:28 | INFO     | services.fairness_service:compute_group_churn_rates:66 - Geography bazlı churn oranları hesaplandı
2026-05-09 10:15:28 | INFO     | services.fairness_service:compute_disparate_impact:107 - Disparate Impact (Geography): 1.2494 (❌ Hedef karşılanmadı)
2026-05-09 10:15:28 | INFO     | services.fairness_service:compute_group_churn_rates:66 - Gender bazlı churn oranları hesaplandı
2026-05-09 10:15:28 | INFO     | services.fairness_service:compute_disparate_impact:107 - Disparate Impact (Gender): 1.0036 (✅ Hedef karşılandı)
2026-05-09 10:15:28 | INFO     | services.fairness_service:compute_group_churn_rates:66 - Geography bazlı churn oranları hesaplandı
2026-05-09 10:15:28 | INFO     | services.fairness_service:compute_disparate_impact:107 - Disparate Impact (Geography): 1.2494 (❌ Hedef karşılanmadı)
2026-05-09 10:15:31 | DEBUG    | services.eda_service:get_summary_statistics:305 - Özet istatistikler hesaplandı: 500 müşteri
2026-05-09 10:15:31 | DEBUG    | services.eda_service:create_correlation_heatmap:80 - Korelasyon ısı haritası oluşturuldu
2026-05-09 10:15:31 | DEBUG    | services.eda_service:create_distribution_histograms:138 - Dağılım histogramları oluşturuldu
2026-05-09 10:15:31 | DEBUG    | services.eda_service:create_churn_boxplots:192 - Boxplot grafikleri oluşturuldu
2026-05-09 10:15:31 | DEBUG    | services.eda_service:create_churn_rate_by_category:277 - Kategorik churn oranı grafiği oluşturuldu
2026-05-09 10:15:32 | DEBUG    | services.eda_service:create_categorical_analysis:224 - Kategorik çapraz analiz (sunburst) oluşturuldu
2026-05-09 10:15:32 | INFO     | services.model_metrics_service:compute_all_metrics:76 - Model metrikleri hesaplandı — F1: 1.0000, ROC-AUC: 1.0000
2026-05-09 10:15:32 | INFO     | services.fairness_service:compute_group_churn_rates:66 - Gender bazlı churn oranları hesaplandı
2026-05-09 10:15:32 | INFO     | services.fairness_service:compute_disparate_impact:107 - Disparate Impact (Gender): 1.0036 (✅ Hedef karşılandı)
2026-05-09 10:15:32 | INFO     | services.fairness_service:compute_group_churn_rates:66 - Geography bazlı churn oranları hesaplandı
2026-05-09 10:15:32 | INFO     | services.fairness_service:compute_disparate_impact:107 - Disparate Impact (Geography): 1.2494 (❌ Hedef karşılanmadı)
2026-05-09 10:15:32 | INFO     | services.fairness_service:compute_group_churn_rates:66 - Gender bazlı churn oranları hesaplandı
2026-05-09 10:15:32 | INFO     | services.fairness_service:compute_disparate_impact:107 - Disparate Impact (Gender): 1.0036 (✅ Hedef karşılandı)
2026-05-09 10:15:32 | INFO     | services.fairness_service:compute_group_churn_rates:66 - Geography bazlı churn oranları hesaplandı
2026-05-09 10:15:32 | INFO     | services.fairness_service:compute_disparate_impact:107 - Disparate Impact (Geography): 1.2494 (❌ Hedef karşılanmadı)
2026-05-09 10:15:33 | DEBUG    | services.eda_service:get_summary_statistics:305 - Özet istatistikler hesaplandı: 500 müşteri
2026-05-09 10:15:33 | DEBUG    | services.eda_service:create_correlation_heatmap:80 - Korelasyon ısı haritası oluşturuldu
2026-05-09 10:15:34 | DEBUG    | services.eda_service:create_distribution_histograms:138 - Dağılım histogramları oluşturuldu
2026-05-09 10:15:34 | DEBUG    | services.eda_service:create_churn_boxplots:192 - Boxplot grafikleri oluşturuldu
2026-05-09 10:15:34 | DEBUG    | services.eda_service:create_churn_rate_by_category:277 - Kategorik churn oranı grafiği oluşturuldu
2026-05-09 10:15:34 | DEBUG    | services.eda_service:create_categorical_analysis:224 - Kategorik çapraz analiz (sunburst) oluşturuldu
2026-05-09 10:15:34 | INFO     | services.model_metrics_service:compute_all_metrics:76 - Model metrikleri hesaplandı — F1: 1.0000, ROC-AUC: 1.0000
2026-05-09 10:15:34 | INFO     | services.fairness_service:compute_group_churn_rates:66 - Gender bazlı churn oranları hesaplandı
2026-05-09 10:15:34 | INFO     | services.fairness_service:compute_disparate_impact:107 - Disparate Impact (Gender): 1.0036 (✅ Hedef karşılandı)
2026-05-09 10:15:35 | INFO     | services.fairness_service:compute_group_churn_rates:66 - Geography bazlı churn oranları hesaplandı
2026-05-09 10:15:35 | INFO     | services.fairness_service:compute_disparate_impact:107 - Disparate Impact (Geography): 1.2494 (❌ Hedef karşılanmadı)
2026-05-09 10:15:35 | INFO     | services.fairness_service:compute_group_churn_rates:66 - Gender bazlı churn oranları hesaplandı
2026-05-09 10:15:35 | INFO     | services.fairness_service:compute_disparate_impact:107 - Disparate Impact (Gender): 1.0036 (✅ Hedef karşılandı)
2026-05-09 10:15:35 | INFO     | services.fairness_service:compute_group_churn_rates:66 - Geography bazlı churn oranları hesaplandı
2026-05-09 10:15:35 | INFO     | services.fairness_service:compute_disparate_impact:107 - Disparate Impact (Geography): 1.2494 (❌ Hedef karşılanmadı)
2026-05-09 10:15:37 | DEBUG    | services.eda_service:get_summary_statistics:305 - Özet istatistikler hesaplandı: 500 müşteri
2026-05-09 10:15:37 | DEBUG    | services.eda_service:create_correlation_heatmap:80 - Korelasyon ısı haritası oluşturuldu
2026-05-09 10:15:37 | DEBUG    | services.eda_service:create_distribution_histograms:138 - Dağılım histogramları oluşturuldu
2026-05-09 10:15:37 | DEBUG    | services.eda_service:create_churn_boxplots:192 - Boxplot grafikleri oluşturuldu
2026-05-09 10:15:38 | DEBUG    | services.eda_service:get_summary_statistics:305 - Özet istatistikler hesaplandı: 500 müşteri
2026-05-09 10:15:38 | DEBUG    | services.eda_service:create_correlation_heatmap:80 - Korelasyon ısı haritası oluşturuldu
2026-05-09 10:15:38 | DEBUG    | services.eda_service:create_distribution_histograms:138 - Dağılım histogramları oluşturuldu
2026-05-09 10:15:39 | DEBUG    | services.eda_service:create_churn_boxplots:192 - Boxplot grafikleri oluşturuldu
2026-05-09 10:15:39 | DEBUG    | services.eda_service:create_churn_rate_by_category:277 - Kategorik churn oranı grafiği oluşturuldu
2026-05-09 10:15:39 | DEBUG    | services.eda_service:create_categorical_analysis:224 - Kategorik çapraz analiz (sunburst) oluşturuldu
2026-05-09 10:15:39 | INFO     | services.model_metrics_service:compute_all_metrics:76 - Model metrikleri hesaplandı — F1: 1.0000, ROC-AUC: 1.0000
2026-05-09 10:15:39 | INFO     | services.fairness_service:compute_group_churn_rates:66 - Gender bazlı churn oranları hesaplandı
2026-05-09 10:15:39 | INFO     | services.fairness_service:compute_disparate_impact:107 - Disparate Impact (Gender): 1.0036 (✅ Hedef karşılandı)
2026-05-09 10:15:39 | INFO     | services.fairness_service:compute_group_churn_rates:66 - Geography bazlı churn oranları hesaplandı
2026-05-09 10:15:39 | INFO     | services.fairness_service:compute_disparate_impact:107 - Disparate Impact (Geography): 1.2494 (❌ Hedef karşılanmadı)
2026-05-09 10:15:39 | INFO     | services.fairness_service:compute_group_churn_rates:66 - Gender bazlı churn oranları hesaplandı
2026-05-09 10:15:39 | INFO     | services.fairness_service:compute_disparate_impact:107 - Disparate Impact (Gender): 1.0036 (✅ Hedef karşılandı)
2026-05-09 10:15:40 | INFO     | services.fairness_service:compute_group_churn_rates:66 - Geography bazlı churn oranları hesaplandı
2026-05-09 10:15:40 | INFO     | services.fairness_service:compute_disparate_impact:107 - Disparate Impact (Geography): 1.2494 (❌ Hedef karşılanmadı)
2026-05-09 10:15:40 | DEBUG    | services.customer_profile_service:create_shap_waterfall:137 - SHAP waterfall grafiği oluşturuldu
2026-05-09 10:15:40 | DEBUG    | services.customer_profile_service:find_similar_customers:195 - 5 benzer müşteri bulundu
2026-05-09 10:15:46 | DEBUG    | services.eda_service:get_summary_statistics:305 - Özet istatistikler hesaplandı: 500 müşteri
2026-05-09 10:15:46 | DEBUG    | services.eda_service:create_correlation_heatmap:80 - Korelasyon ısı haritası oluşturuldu
2026-05-09 10:15:46 | DEBUG    | services.eda_service:create_distribution_histograms:138 - Dağılım histogramları oluşturuldu
2026-05-09 10:15:46 | DEBUG    | services.eda_service:create_churn_boxplots:192 - Boxplot grafikleri oluşturuldu
2026-05-09 10:15:47 | DEBUG    | services.eda_service:create_churn_rate_by_category:277 - Kategorik churn oranı grafiği oluşturuldu
2026-05-09 10:15:47 | DEBUG    | services.eda_service:create_categorical_analysis:224 - Kategorik çapraz analiz (sunburst) oluşturuldu
2026-05-09 10:15:47 | INFO     | services.model_metrics_service:compute_all_metrics:76 - Model metrikleri hesaplandı — F1: 1.0000, ROC-AUC: 1.0000
2026-05-09 10:15:47 | INFO     | services.fairness_service:compute_group_churn_rates:66 - Gender bazlı churn oranları hesaplandı
2026-05-09 10:15:47 | INFO     | services.fairness_service:compute_disparate_impact:107 - Disparate Impact (Gender): 1.0036 (✅ Hedef karşılandı)
2026-05-09 10:15:47 | INFO     | services.fairness_service:compute_group_churn_rates:66 - Geography bazlı churn oranları hesaplandı
2026-05-09 10:15:47 | INFO     | services.fairness_service:compute_disparate_impact:107 - Disparate Impact (Geography): 1.2494 (❌ Hedef karşılanmadı)
2026-05-09 10:15:47 | INFO     | services.fairness_service:compute_group_churn_rates:66 - Gender bazlı churn oranları hesaplandı
2026-05-09 10:15:47 | INFO     | services.fairness_service:compute_disparate_impact:107 - Disparate Impact (Gender): 1.0036 (✅ Hedef karşılandı)
2026-05-09 10:15:48 | INFO     | services.fairness_service:compute_group_churn_rates:66 - Geography bazlı churn oranları hesaplandı
2026-05-09 10:15:48 | INFO     | services.fairness_service:compute_disparate_impact:107 - Disparate Impact (Geography): 1.2494 (❌ Hedef karşılanmadı)
2026-05-09 10:15:49 | DEBUG    | services.eda_service:get_summary_statistics:305 - Özet istatistikler hesaplandı: 500 müşteri
2026-05-09 10:15:49 | DEBUG    | services.eda_service:create_correlation_heatmap:80 - Korelasyon ısı haritası oluşturuldu
2026-05-09 10:15:49 | DEBUG    | services.eda_service:create_distribution_histograms:138 - Dağılım histogramları oluşturuldu
2026-05-09 10:15:49 | DEBUG    | services.eda_service:create_churn_boxplots:192 - Boxplot grafikleri oluşturuldu
2026-05-09 10:15:49 | DEBUG    | services.eda_service:create_churn_rate_by_category:277 - Kategorik churn oranı grafiği oluşturuldu
2026-05-09 10:15:49 | DEBUG    | services.eda_service:create_categorical_analysis:224 - Kategorik çapraz analiz (sunburst) oluşturuldu
2026-05-09 10:15:49 | INFO     | services.model_metrics_service:compute_all_metrics:76 - Model metrikleri hesaplandı — F1: 1.0000, ROC-AUC: 1.0000
2026-05-09 10:15:50 | INFO     | services.fairness_service:compute_group_churn_rates:66 - Gender bazlı churn oranları hesaplandı
2026-05-09 10:15:50 | INFO     | services.fairness_service:compute_disparate_impact:107 - Disparate Impact (Gender): 1.0036 (✅ Hedef karşılandı)
2026-05-09 10:15:50 | INFO     | services.fairness_service:compute_group_churn_rates:66 - Geography bazlı churn oranları hesaplandı
2026-05-09 10:15:50 | INFO     | services.fairness_service:compute_disparate_impact:107 - Disparate Impact (Geography): 1.2494 (❌ Hedef karşılanmadı)
2026-05-09 10:15:50 | DEBUG    | services.eda_service:get_summary_statistics:305 - Özet istatistikler hesaplandı: 500 müşteri
2026-05-09 10:15:51 | DEBUG    | services.eda_service:create_correlation_heatmap:80 - Korelasyon ısı haritası oluşturuldu
2026-05-09 10:15:51 | DEBUG    | services.eda_service:create_distribution_histograms:138 - Dağılım histogramları oluşturuldu
2026-05-09 10:15:51 | DEBUG    | services.eda_service:create_churn_boxplots:192 - Boxplot grafikleri oluşturuldu
2026-05-09 10:15:51 | DEBUG    | services.eda_service:create_churn_rate_by_category:277 - Kategorik churn oranı grafiği oluşturuldu
2026-05-09 10:15:51 | DEBUG    | services.eda_service:create_categorical_analysis:224 - Kategorik çapraz analiz (sunburst) oluşturuldu
2026-05-09 10:15:51 | INFO     | services.model_metrics_service:compute_all_metrics:76 - Model metrikleri hesaplandı — F1: 1.0000, ROC-AUC: 1.0000
2026-05-09 10:15:51 | INFO     | services.fairness_service:compute_group_churn_rates:66 - Gender bazlı churn oranları hesaplandı
2026-05-09 10:15:52 | INFO     | services.fairness_service:compute_disparate_impact:107 - Disparate Impact (Gender): 1.0036 (✅ Hedef karşılandı)
2026-05-09 10:15:52 | INFO     | services.fairness_service:compute_group_churn_rates:66 - Geography bazlı churn oranları hesaplandı
2026-05-09 10:15:52 | INFO     | services.fairness_service:compute_disparate_impact:107 - Disparate Impact (Geography): 1.2494 (❌ Hedef karşılanmadı)
2026-05-09 10:15:52 | INFO     | services.fairness_service:compute_group_churn_rates:66 - Gender bazlı churn oranları hesaplandı
2026-05-09 10:15:52 | INFO     | services.fairness_service:compute_disparate_impact:107 - Disparate Impact (Gender): 1.0036 (✅ Hedef karşılandı)
2026-05-09 10:15:52 | INFO     | services.fairness_service:compute_group_churn_rates:66 - Geography bazlı churn oranları hesaplandı
2026-05-09 10:15:52 | INFO     | services.fairness_service:compute_disparate_impact:107 - Disparate Impact (Geography): 1.2494 (❌ Hedef karşılanmadı)
2026-05-09 10:15:53 | DEBUG    | services.customer_profile_service:create_shap_waterfall:137 - SHAP waterfall grafiği oluşturuldu
2026-05-09 10:15:53 | DEBUG    | services.customer_profile_service:find_similar_customers:195 - 5 benzer müşteri bulundu
2026-05-09 10:15:54 | INFO     | agents.churn_agent:assess_risk:54 - Risk değerlendirmesi: acil (prob=0.97)
2026-05-09 10:15:54 | DEBUG    | agents.churn_agent:select_channel:76 - İletişim kanalı seçildi: 📞 Telefon + 📧 E-posta (Müşteri Temsilcisi Ataması)
2026-05-09 10:15:54 | ERROR    | agents.churn_agent:generate_campaign:137 - Gemini hatası: No module named 'google.generativeai'
2026-05-09 10:15:55 | ERROR    | agents.churn_agent:generate_campaign:165 - OpenAI hatası: Error code: 401 - {'error': {'message': 'Incorrect API key provided: gsk_wb7q********************************************Yq6r. You can find your API key at https://platform.openai.com/account/api-keys.', 'type': 'invalid_request_error', 'param': None, 'code': 'invalid_api_key'}}
2026-05-09 10:15:55 | DEBUG    | agents.churn_agent:calculate_budget:191 - Bütçe hesaplandı: €500.0
2026-05-09 10:15:55 | INFO     | agents.churn_agent:run_agent:274 - Ajan akışı tamamlandı: Acil Elde Tutma Paketi (bütçe: €500)
2026-05-09 10:15:55 | DEBUG    | services.eda_service:get_summary_statistics:305 - Özet istatistikler hesaplandı: 500 müşteri
2026-05-09 10:15:55 | DEBUG    | services.eda_service:create_correlation_heatmap:80 - Korelasyon ısı haritası oluşturuldu
2026-05-09 10:15:56 | DEBUG    | services.eda_service:create_distribution_histograms:138 - Dağılım histogramları oluşturuldu
2026-05-09 10:15:56 | DEBUG    | services.eda_service:create_churn_boxplots:192 - Boxplot grafikleri oluşturuldu
2026-05-09 10:15:56 | DEBUG    | services.eda_service:create_churn_rate_by_category:277 - Kategorik churn oranı grafiği oluşturuldu
2026-05-09 10:15:56 | DEBUG    | services.eda_service:create_categorical_analysis:224 - Kategorik çapraz analiz (sunburst) oluşturuldu
2026-05-09 10:15:56 | INFO     | services.model_metrics_service:compute_all_metrics:76 - Model metrikleri hesaplandı — F1: 1.0000, ROC-AUC: 1.0000
2026-05-09 10:15:56 | INFO     | services.fairness_service:compute_group_churn_rates:66 - Gender bazlı churn oranları hesaplandı
2026-05-09 10:15:56 | INFO     | services.fairness_service:compute_disparate_impact:107 - Disparate Impact (Gender): 1.0036 (✅ Hedef karşılandı)
2026-05-09 10:15:57 | INFO     | services.fairness_service:compute_group_churn_rates:66 - Geography bazlı churn oranları hesaplandı
2026-05-09 10:15:57 | INFO     | services.fairness_service:compute_disparate_impact:107 - Disparate Impact (Geography): 1.2494 (❌ Hedef karşılanmadı)
2026-05-09 10:15:57 | INFO     | services.fairness_service:compute_group_churn_rates:66 - Gender bazlı churn oranları hesaplandı
2026-05-09 10:15:57 | INFO     | services.fairness_service:compute_disparate_impact:107 - Disparate Impact (Gender): 1.0036 (✅ Hedef karşılandı)
2026-05-09 10:15:57 | INFO     | services.fairness_service:compute_group_churn_rates:66 - Geography bazlı churn oranları hesaplandı
2026-05-09 10:15:57 | INFO     | services.fairness_service:compute_disparate_impact:107 - Disparate Impact (Geography): 1.2494 (❌ Hedef karşılanmadı)
2026-05-09 10:15:58 | DEBUG    | services.customer_profile_service:create_shap_waterfall:137 - SHAP waterfall grafiği oluşturuldu
2026-05-09 10:15:58 | DEBUG    | services.customer_profile_service:find_similar_customers:195 - 5 benzer müşteri bulundu
2026-05-09 10:19:18 | DEBUG    | services.eda_service:get_summary_statistics:305 - Özet istatistikler hesaplandı: 500 müşteri
2026-05-09 10:19:18 | DEBUG    | services.eda_service:create_correlation_heatmap:80 - Korelasyon ısı haritası oluşturuldu
2026-05-09 10:19:18 | DEBUG    | services.eda_service:create_distribution_histograms:138 - Dağılım histogramları oluşturuldu
2026-05-09 10:19:18 | DEBUG    | services.eda_service:create_churn_boxplots:192 - Boxplot grafikleri oluşturuldu
2026-05-09 10:19:18 | DEBUG    | services.eda_service:create_churn_rate_by_category:277 - Kategorik churn oranı grafiği oluşturuldu
2026-05-09 10:19:18 | DEBUG    | services.eda_service:create_categorical_analysis:224 - Kategorik çapraz analiz (sunburst) oluşturuldu
2026-05-09 10:19:18 | INFO     | services.model_metrics_service:compute_all_metrics:76 - Model metrikleri hesaplandı — F1: 1.0000, ROC-AUC: 1.0000
2026-05-09 10:19:18 | INFO     | services.fairness_service:compute_group_churn_rates:66 - Gender bazlı churn oranları hesaplandı
2026-05-09 10:19:18 | INFO     | services.fairness_service:compute_disparate_impact:107 - Disparate Impact (Gender): 1.0036 (✅ Hedef karşılandı)
2026-05-09 10:19:18 | INFO     | services.fairness_service:compute_group_churn_rates:66 - Geography bazlı churn oranları hesaplandı
2026-05-09 10:19:18 | INFO     | services.fairness_service:compute_disparate_impact:107 - Disparate Impact (Geography): 1.2494 (❌ Hedef karşılanmadı)
2026-05-09 10:19:18 | INFO     | services.fairness_service:compute_group_churn_rates:66 - Gender bazlı churn oranları hesaplandı
2026-05-09 10:19:18 | INFO     | services.fairness_service:compute_disparate_impact:107 - Disparate Impact (Gender): 1.0036 (✅ Hedef karşılandı)
2026-05-09 10:19:19 | INFO     | services.fairness_service:compute_group_churn_rates:66 - Geography bazlı churn oranları hesaplandı
2026-05-09 10:19:19 | INFO     | services.fairness_service:compute_disparate_impact:107 - Disparate Impact (Geography): 1.2494 (❌ Hedef karşılanmadı)
2026-05-09 10:19:21 | DEBUG    | services.eda_service:get_summary_statistics:305 - Özet istatistikler hesaplandı: 500 müşteri
2026-05-09 10:19:21 | DEBUG    | services.eda_service:create_correlation_heatmap:80 - Korelasyon ısı haritası oluşturuldu
2026-05-09 10:19:21 | DEBUG    | services.eda_service:create_distribution_histograms:138 - Dağılım histogramları oluşturuldu
2026-05-09 10:19:21 | DEBUG    | services.eda_service:create_churn_boxplots:192 - Boxplot grafikleri oluşturuldu
2026-05-09 10:19:21 | DEBUG    | services.eda_service:create_churn_rate_by_category:277 - Kategorik churn oranı grafiği oluşturuldu
2026-05-09 10:19:22 | DEBUG    | services.eda_service:create_categorical_analysis:224 - Kategorik çapraz analiz (sunburst) oluşturuldu
2026-05-09 10:19:22 | INFO     | services.model_metrics_service:compute_all_metrics:76 - Model metrikleri hesaplandı — F1: 1.0000, ROC-AUC: 1.0000
2026-05-09 10:19:22 | INFO     | services.fairness_service:compute_group_churn_rates:66 - Gender bazlı churn oranları hesaplandı
2026-05-09 10:19:22 | INFO     | services.fairness_service:compute_disparate_impact:107 - Disparate Impact (Gender): 1.0036 (✅ Hedef karşılandı)
2026-05-09 10:19:22 | INFO     | services.fairness_service:compute_group_churn_rates:66 - Geography bazlı churn oranları hesaplandı
2026-05-09 10:19:22 | INFO     | services.fairness_service:compute_disparate_impact:107 - Disparate Impact (Geography): 1.2494 (❌ Hedef karşılanmadı)
2026-05-09 10:19:22 | INFO     | services.fairness_service:compute_group_churn_rates:66 - Gender bazlı churn oranları hesaplandı
2026-05-09 10:19:22 | INFO     | services.fairness_service:compute_disparate_impact:107 - Disparate Impact (Gender): 1.0036 (✅ Hedef karşılandı)
2026-05-09 10:19:22 | INFO     | services.fairness_service:compute_group_churn_rates:66 - Geography bazlı churn oranları hesaplandı
2026-05-09 10:19:22 | INFO     | services.fairness_service:compute_disparate_impact:107 - Disparate Impact (Geography): 1.2494 (❌ Hedef karşılanmadı)
2026-05-09 10:19:24 | DEBUG    | services.eda_service:get_summary_statistics:305 - Özet istatistikler hesaplandı: 500 müşteri
2026-05-09 10:19:24 | DEBUG    | services.eda_service:create_correlation_heatmap:80 - Korelasyon ısı haritası oluşturuldu
2026-05-09 10:19:24 | DEBUG    | services.eda_service:create_distribution_histograms:138 - Dağılım histogramları oluşturuldu
2026-05-09 10:19:24 | DEBUG    | services.eda_service:create_churn_boxplots:192 - Boxplot grafikleri oluşturuldu
2026-05-09 10:19:25 | DEBUG    | services.eda_service:create_churn_rate_by_category:277 - Kategorik churn oranı grafiği oluşturuldu
2026-05-09 10:19:25 | DEBUG    | services.eda_service:create_categorical_analysis:224 - Kategorik çapraz analiz (sunburst) oluşturuldu
2026-05-09 10:19:25 | INFO     | services.model_metrics_service:compute_all_metrics:76 - Model metrikleri hesaplandı — F1: 1.0000, ROC-AUC: 1.0000
2026-05-09 10:19:25 | INFO     | services.fairness_service:compute_group_churn_rates:66 - Gender bazlı churn oranları hesaplandı
2026-05-09 10:19:25 | INFO     | services.fairness_service:compute_disparate_impact:107 - Disparate Impact (Gender): 1.0036 (✅ Hedef karşılandı)
2026-05-09 10:19:25 | INFO     | services.fairness_service:compute_group_churn_rates:66 - Geography bazlı churn oranları hesaplandı
2026-05-09 10:19:25 | INFO     | services.fairness_service:compute_disparate_impact:107 - Disparate Impact (Geography): 1.2494 (❌ Hedef karşılanmadı)
2026-05-09 10:19:26 | DEBUG    | services.eda_service:get_summary_statistics:305 - Özet istatistikler hesaplandı: 500 müşteri
2026-05-09 10:19:26 | DEBUG    | services.eda_service:create_correlation_heatmap:80 - Korelasyon ısı haritası oluşturuldu
2026-05-09 10:19:26 | DEBUG    | services.eda_service:create_distribution_histograms:138 - Dağılım histogramları oluşturuldu
2026-05-09 10:19:26 | DEBUG    | services.eda_service:create_churn_boxplots:192 - Boxplot grafikleri oluşturuldu
2026-05-09 10:19:27 | DEBUG    | services.eda_service:create_churn_rate_by_category:277 - Kategorik churn oranı grafiği oluşturuldu
2026-05-09 10:19:27 | DEBUG    | services.eda_service:create_categorical_analysis:224 - Kategorik çapraz analiz (sunburst) oluşturuldu
2026-05-09 10:19:27 | INFO     | services.model_metrics_service:compute_all_metrics:76 - Model metrikleri hesaplandı — F1: 1.0000, ROC-AUC: 1.0000
2026-05-09 10:19:27 | INFO     | services.fairness_service:compute_group_churn_rates:66 - Gender bazlı churn oranları hesaplandı
2026-05-09 10:19:27 | INFO     | services.fairness_service:compute_disparate_impact:107 - Disparate Impact (Gender): 1.0036 (✅ Hedef karşılandı)
2026-05-09 10:19:27 | INFO     | services.fairness_service:compute_group_churn_rates:66 - Geography bazlı churn oranları hesaplandı
2026-05-09 10:19:27 | INFO     | services.fairness_service:compute_disparate_impact:107 - Disparate Impact (Geography): 1.2494 (❌ Hedef karşılanmadı)
2026-05-09 10:19:27 | INFO     | services.fairness_service:compute_group_churn_rates:66 - Gender bazlı churn oranları hesaplandı
2026-05-09 10:19:27 | INFO     | services.fairness_service:compute_disparate_impact:107 - Disparate Impact (Gender): 1.0036 (✅ Hedef karşılandı)
2026-05-09 10:19:27 | INFO     | services.fairness_service:compute_group_churn_rates:66 - Geography bazlı churn oranları hesaplandı
2026-05-09 10:19:27 | INFO     | services.fairness_service:compute_disparate_impact:107 - Disparate Impact (Geography): 1.2494 (❌ Hedef karşılanmadı)
2026-05-09 10:19:31 | DEBUG    | services.eda_service:get_summary_statistics:305 - Özet istatistikler hesaplandı: 500 müşteri
2026-05-09 10:19:31 | DEBUG    | services.eda_service:create_correlation_heatmap:80 - Korelasyon ısı haritası oluşturuldu
2026-05-09 10:19:31 | DEBUG    | services.eda_service:create_distribution_histograms:138 - Dağılım histogramları oluşturuldu
2026-05-09 10:19:32 | DEBUG    | services.eda_service:get_summary_statistics:305 - Özet istatistikler hesaplandı: 500 müşteri
2026-05-09 10:19:32 | DEBUG    | services.eda_service:create_correlation_heatmap:80 - Korelasyon ısı haritası oluşturuldu
2026-05-09 10:19:32 | DEBUG    | services.eda_service:create_distribution_histograms:138 - Dağılım histogramları oluşturuldu
2026-05-09 10:19:32 | DEBUG    | services.eda_service:create_churn_boxplots:192 - Boxplot grafikleri oluşturuldu
2026-05-09 10:19:32 | DEBUG    | services.eda_service:create_churn_rate_by_category:277 - Kategorik churn oranı grafiği oluşturuldu
2026-05-09 10:19:33 | DEBUG    | services.eda_service:create_categorical_analysis:224 - Kategorik çapraz analiz (sunburst) oluşturuldu
2026-05-09 10:19:33 | INFO     | services.model_metrics_service:compute_all_metrics:76 - Model metrikleri hesaplandı — F1: 1.0000, ROC-AUC: 1.0000
2026-05-09 10:19:33 | INFO     | services.fairness_service:compute_group_churn_rates:66 - Gender bazlı churn oranları hesaplandı
2026-05-09 10:19:33 | INFO     | services.fairness_service:compute_disparate_impact:107 - Disparate Impact (Gender): 1.0036 (✅ Hedef karşılandı)
2026-05-09 10:19:33 | INFO     | services.fairness_service:compute_group_churn_rates:66 - Geography bazlı churn oranları hesaplandı
2026-05-09 10:19:33 | INFO     | services.fairness_service:compute_disparate_impact:107 - Disparate Impact (Geography): 1.2494 (❌ Hedef karşılanmadı)
2026-05-09 10:19:33 | INFO     | services.fairness_service:compute_group_churn_rates:66 - Gender bazlı churn oranları hesaplandı
2026-05-09 10:19:33 | INFO     | services.fairness_service:compute_disparate_impact:107 - Disparate Impact (Gender): 1.0036 (✅ Hedef karşılandı)
2026-05-09 10:19:33 | INFO     | services.fairness_service:compute_group_churn_rates:66 - Geography bazlı churn oranları hesaplandı
2026-05-09 10:19:33 | INFO     | services.fairness_service:compute_disparate_impact:107 - Disparate Impact (Geography): 1.2494 (❌ Hedef karşılanmadı)
2026-05-09 10:19:34 | DEBUG    | services.customer_profile_service:create_shap_waterfall:137 - SHAP waterfall grafiği oluşturuldu
2026-05-09 10:19:34 | DEBUG    | services.customer_profile_service:find_similar_customers:195 - 5 benzer müşteri bulundu
2026-05-09 10:19:35 | DEBUG    | services.eda_service:get_summary_statistics:305 - Özet istatistikler hesaplandı: 500 müşteri
2026-05-09 10:19:36 | DEBUG    | services.eda_service:create_correlation_heatmap:80 - Korelasyon ısı haritası oluşturuldu
2026-05-09 10:19:36 | DEBUG    | services.eda_service:create_distribution_histograms:138 - Dağılım histogramları oluşturuldu
2026-05-09 10:19:36 | DEBUG    | services.eda_service:create_churn_boxplots:192 - Boxplot grafikleri oluşturuldu
2026-05-09 10:19:36 | DEBUG    | services.eda_service:create_churn_rate_by_category:277 - Kategorik churn oranı grafiği oluşturuldu
2026-05-09 10:19:38 | DEBUG    | services.eda_service:get_summary_statistics:305 - Özet istatistikler hesaplandı: 500 müşteri
2026-05-09 10:19:38 | DEBUG    | services.eda_service:create_correlation_heatmap:80 - Korelasyon ısı haritası oluşturuldu
2026-05-09 10:19:38 | DEBUG    | services.eda_service:create_distribution_histograms:138 - Dağılım histogramları oluşturuldu
2026-05-09 10:19:38 | DEBUG    | services.eda_service:create_churn_boxplots:192 - Boxplot grafikleri oluşturuldu
2026-05-09 10:19:38 | DEBUG    | services.eda_service:create_churn_rate_by_category:277 - Kategorik churn oranı grafiği oluşturuldu
2026-05-09 10:19:39 | DEBUG    | services.eda_service:create_categorical_analysis:224 - Kategorik çapraz analiz (sunburst) oluşturuldu
2026-05-09 10:19:39 | INFO     | services.model_metrics_service:compute_all_metrics:76 - Model metrikleri hesaplandı — F1: 1.0000, ROC-AUC: 1.0000
2026-05-09 10:19:39 | INFO     | services.fairness_service:compute_group_churn_rates:66 - Gender bazlı churn oranları hesaplandı
2026-05-09 10:19:39 | INFO     | services.fairness_service:compute_disparate_impact:107 - Disparate Impact (Gender): 1.0036 (✅ Hedef karşılandı)
2026-05-09 10:19:39 | INFO     | services.fairness_service:compute_group_churn_rates:66 - Geography bazlı churn oranları hesaplandı
2026-05-09 10:19:39 | INFO     | services.fairness_service:compute_disparate_impact:107 - Disparate Impact (Geography): 1.2494 (❌ Hedef karşılanmadı)
2026-05-09 10:19:39 | INFO     | services.fairness_service:compute_group_churn_rates:66 - Gender bazlı churn oranları hesaplandı
2026-05-09 10:19:39 | INFO     | services.fairness_service:compute_disparate_impact:107 - Disparate Impact (Gender): 1.0036 (✅ Hedef karşılandı)
2026-05-09 10:19:39 | INFO     | services.fairness_service:compute_group_churn_rates:66 - Geography bazlı churn oranları hesaplandı
2026-05-09 10:19:39 | INFO     | services.fairness_service:compute_disparate_impact:107 - Disparate Impact (Geography): 1.2494 (❌ Hedef karşılanmadı)
2026-05-09 10:19:40 | DEBUG    | services.customer_profile_service:create_shap_waterfall:137 - SHAP waterfall grafiği oluşturuldu
2026-05-09 10:19:40 | DEBUG    | services.customer_profile_service:find_similar_customers:195 - 5 benzer müşteri bulundu
2026-05-09 10:19:42 | INFO     | agents.churn_agent:assess_risk:54 - Risk değerlendirmesi: acil (prob=0.81)
2026-05-09 10:19:42 | DEBUG    | agents.churn_agent:select_channel:76 - İletişim kanalı seçildi: 📞 Telefon + 📧 E-posta (Müşteri Temsilcisi Ataması)
2026-05-09 10:19:45 | ERROR    | agents.churn_agent:generate_campaign:137 - Gemini hatası: module 'pyparsing' has no attribute 'DelimitedList'
2026-05-09 10:19:47 | ERROR    | agents.churn_agent:generate_campaign:151 - Groq hatası: Error code: 400 - {'error': {'message': 'The model `llama3-70b-8192` has been decommissioned and is no longer supported. Please refer to https://console.groq.com/docs/deprecations for a recommendation on which model to use instead.', 'type': 'invalid_request_error', 'code': 'model_decommissioned'}}
2026-05-09 10:19:47 | DEBUG    | agents.churn_agent:calculate_budget:191 - Bütçe hesaplandı: €500.0
2026-05-09 10:19:47 | INFO     | agents.churn_agent:run_agent:274 - Ajan akışı tamamlandı: Acil Elde Tutma Paketi (bütçe: €500)
2026-05-09 10:19:47 | DEBUG    | services.eda_service:get_summary_statistics:305 - Özet istatistikler hesaplandı: 500 müşteri
2026-05-09 10:19:47 | DEBUG    | services.eda_service:create_correlation_heatmap:80 - Korelasyon ısı haritası oluşturuldu
2026-05-09 10:19:47 | DEBUG    | services.eda_service:create_distribution_histograms:138 - Dağılım histogramları oluşturuldu
2026-05-09 10:19:47 | DEBUG    | services.eda_service:create_churn_boxplots:192 - Boxplot grafikleri oluşturuldu
2026-05-09 10:19:47 | DEBUG    | services.eda_service:create_churn_rate_by_category:277 - Kategorik churn oranı grafiği oluşturuldu
2026-05-09 10:19:47 | DEBUG    | services.eda_service:create_categorical_analysis:224 - Kategorik çapraz analiz (sunburst) oluşturuldu
2026-05-09 10:19:48 | INFO     | services.model_metrics_service:compute_all_metrics:76 - Model metrikleri hesaplandı — F1: 1.0000, ROC-AUC: 1.0000
2026-05-09 10:19:48 | INFO     | services.fairness_service:compute_group_churn_rates:66 - Gender bazlı churn oranları hesaplandı
2026-05-09 10:19:48 | INFO     | services.fairness_service:compute_disparate_impact:107 - Disparate Impact (Gender): 1.0036 (✅ Hedef karşılandı)
2026-05-09 10:19:48 | INFO     | services.fairness_service:compute_group_churn_rates:66 - Geography bazlı churn oranları hesaplandı
2026-05-09 10:19:48 | INFO     | services.fairness_service:compute_disparate_impact:107 - Disparate Impact (Geography): 1.2494 (❌ Hedef karşılanmadı)
2026-05-09 10:19:48 | INFO     | services.fairness_service:compute_group_churn_rates:66 - Gender bazlı churn oranları hesaplandı
2026-05-09 10:19:48 | INFO     | services.fairness_service:compute_disparate_impact:107 - Disparate Impact (Gender): 1.0036 (✅ Hedef karşılandı)
2026-05-09 10:19:48 | INFO     | services.fairness_service:compute_group_churn_rates:66 - Geography bazlı churn oranları hesaplandı
2026-05-09 10:19:48 | INFO     | services.fairness_service:compute_disparate_impact:107 - Disparate Impact (Geography): 1.2494 (❌ Hedef karşılanmadı)
2026-05-09 10:19:49 | DEBUG    | services.customer_profile_service:create_shap_waterfall:137 - SHAP waterfall grafiği oluşturuldu
2026-05-09 10:19:49 | DEBUG    | services.customer_profile_service:find_similar_customers:195 - 5 benzer müşteri bulundu
2026-05-09 10:21:04 | INFO     | agents.churn_agent:assess_risk:54 - Risk değerlendirmesi: acil (prob=0.85)
2026-05-09 10:21:04 | DEBUG    | agents.churn_agent:select_channel:76 - İletişim kanalı seçildi: 📞 Telefon + 📧 E-posta (Müşteri Temsilcisi Ataması)
2026-05-09 10:21:07 | ERROR    | agents.churn_agent:generate_campaign:137 - Gemini hatası: 429 You exceeded your current quota, please check your plan and billing details. For more information on this error, head to: https://ai.google.dev/gemini-api/docs/rate-limits. To monitor your current usage, head to: https://ai.dev/rate-limit. 
* Quota exceeded for metric: generativelanguage.googleapis.com/generate_content_free_tier_requests, limit: 0, model: gemini-2.0-flash
* Quota exceeded for metric: generativelanguage.googleapis.com/generate_content_free_tier_requests, limit: 0, model: gemini-2.0-flash
* Quota exceeded for metric: generativelanguage.googleapis.com/generate_content_free_tier_input_token_count, limit: 0, model: gemini-2.0-flash
Please retry in 52.937419629s. [links {
  description: "Learn more about Gemini API quotas"
  url: "https://ai.google.dev/gemini-api/docs/rate-limits"
}
, violations {
  quota_metric: "generativelanguage.googleapis.com/generate_content_free_tier_requests"
  quota_id: "GenerateRequestsPerDayPerProjectPerModel-FreeTier"
  quota_dimensions {
    key: "model"
    value: "gemini-2.0-flash"
  }
  quota_dimensions {
    key: "location"
    value: "global"
  }
}
violations {
  quota_metric: "generativelanguage.googleapis.com/generate_content_free_tier_requests"
  quota_id: "GenerateRequestsPerMinutePerProjectPerModel-FreeTier"
  quota_dimensions {
    key: "model"
    value: "gemini-2.0-flash"
  }
  quota_dimensions {
    key: "location"
    value: "global"
  }
}
violations {
  quota_metric: "generativelanguage.googleapis.com/generate_content_free_tier_input_token_count"
  quota_id: "GenerateContentInputTokensPerModelPerMinute-FreeTier"
  quota_dimensions {
    key: "model"
    value: "gemini-2.0-flash"
  }
  quota_dimensions {
    key: "location"
    value: "global"
  }
}
, retry_delay {
  seconds: 52
}
]
2026-05-09 10:21:09 | ERROR    | agents.churn_agent:generate_campaign:151 - Groq hatası: Error code: 400 - {'error': {'message': 'The model `llama3-70b-8192` has been decommissioned and is no longer supported. Please refer to https://console.groq.com/docs/deprecations for a recommendation on which model to use instead.', 'type': 'invalid_request_error', 'code': 'model_decommissioned'}}
2026-05-09 10:21:09 | DEBUG    | agents.churn_agent:calculate_budget:191 - Bütçe hesaplandı: €500.0
2026-05-09 10:21:09 | INFO     | agents.churn_agent:run_agent:274 - Ajan akışı tamamlandı: Acil Elde Tutma Paketi (bütçe: €500)
2026-05-09 10:22:18 | INFO     | agents.churn_agent:assess_risk:54 - Risk değerlendirmesi: acil (prob=0.85)
2026-05-09 10:22:18 | DEBUG    | agents.churn_agent:select_channel:76 - İletişim kanalı seçildi: 📞 Telefon + 📧 E-posta (Müşteri Temsilcisi Ataması)
2026-05-09 10:22:20 | ERROR    | agents.churn_agent:generate_campaign:137 - Gemini hatası: 429 You exceeded your current quota, please check your plan and billing details. For more information on this error, head to: https://ai.google.dev/gemini-api/docs/rate-limits. To monitor your current usage, head to: https://ai.dev/rate-limit. 
* Quota exceeded for metric: generativelanguage.googleapis.com/generate_content_free_tier_input_token_count, limit: 0, model: gemini-2.0-flash
* Quota exceeded for metric: generativelanguage.googleapis.com/generate_content_free_tier_requests, limit: 0, model: gemini-2.0-flash
* Quota exceeded for metric: generativelanguage.googleapis.com/generate_content_free_tier_requests, limit: 0, model: gemini-2.0-flash
Please retry in 39.94798017s. [links {
  description: "Learn more about Gemini API quotas"
  url: "https://ai.google.dev/gemini-api/docs/rate-limits"
}
, violations {
  quota_metric: "generativelanguage.googleapis.com/generate_content_free_tier_input_token_count"
  quota_id: "GenerateContentInputTokensPerModelPerMinute-FreeTier"
  quota_dimensions {
    key: "model"
    value: "gemini-2.0-flash"
  }
  quota_dimensions {
    key: "location"
    value: "global"
  }
}
violations {
  quota_metric: "generativelanguage.googleapis.com/generate_content_free_tier_requests"
  quota_id: "GenerateRequestsPerMinutePerProjectPerModel-FreeTier"
  quota_dimensions {
    key: "model"
    value: "gemini-2.0-flash"
  }
  quota_dimensions {
    key: "location"
    value: "global"
  }
}
violations {
  quota_metric: "generativelanguage.googleapis.com/generate_content_free_tier_requests"
  quota_id: "GenerateRequestsPerDayPerProjectPerModel-FreeTier"
  quota_dimensions {
    key: "model"
    value: "gemini-2.0-flash"
  }
  quota_dimensions {
    key: "location"
    value: "global"
  }
}
, retry_delay {
  seconds: 39
}
]
2026-05-09 10:22:23 | INFO     | agents.churn_agent:generate_campaign:149 - Groq ile özel kampanya mesajı üretildi.
2026-05-09 10:22:23 | DEBUG    | agents.churn_agent:calculate_budget:191 - Bütçe hesaplandı: €500.0
2026-05-09 10:22:23 | INFO     | agents.churn_agent:run_agent:274 - Ajan akışı tamamlandı: Acil Elde Tutma Paketi (bütçe: €500)
2026-05-09 10:24:10 | DEBUG    | services.eda_service:get_summary_statistics:305 - Özet istatistikler hesaplandı: 500 müşteri
2026-05-09 10:24:10 | DEBUG    | services.eda_service:create_correlation_heatmap:80 - Korelasyon ısı haritası oluşturuldu
2026-05-09 10:24:10 | DEBUG    | services.eda_service:create_distribution_histograms:138 - Dağılım histogramları oluşturuldu
2026-05-09 10:24:11 | DEBUG    | services.eda_service:create_churn_boxplots:192 - Boxplot grafikleri oluşturuldu
2026-05-09 10:24:11 | DEBUG    | services.eda_service:create_churn_rate_by_category:277 - Kategorik churn oranı grafiği oluşturuldu
2026-05-09 10:24:11 | DEBUG    | services.eda_service:create_categorical_analysis:224 - Kategorik çapraz analiz (sunburst) oluşturuldu
2026-05-09 10:24:11 | INFO     | services.model_metrics_service:compute_all_metrics:76 - Model metrikleri hesaplandı — F1: 1.0000, ROC-AUC: 1.0000
2026-05-09 10:24:11 | INFO     | services.fairness_service:compute_group_churn_rates:66 - Gender bazlı churn oranları hesaplandı
2026-05-09 10:24:11 | INFO     | services.fairness_service:compute_disparate_impact:107 - Disparate Impact (Gender): 1.0036 (✅ Hedef karşılandı)
2026-05-09 10:24:11 | INFO     | services.fairness_service:compute_group_churn_rates:66 - Geography bazlı churn oranları hesaplandı
2026-05-09 10:24:11 | INFO     | services.fairness_service:compute_disparate_impact:107 - Disparate Impact (Geography): 1.2494 (❌ Hedef karşılanmadı)
2026-05-09 10:24:11 | INFO     | services.fairness_service:compute_group_churn_rates:66 - Gender bazlı churn oranları hesaplandı
2026-05-09 10:24:11 | INFO     | services.fairness_service:compute_disparate_impact:107 - Disparate Impact (Gender): 1.0036 (✅ Hedef karşılandı)
2026-05-09 10:24:12 | INFO     | services.fairness_service:compute_group_churn_rates:66 - Geography bazlı churn oranları hesaplandı
2026-05-09 10:24:12 | INFO     | services.fairness_service:compute_disparate_impact:107 - Disparate Impact (Geography): 1.2494 (❌ Hedef karşılanmadı)
2026-05-09 10:24:15 | DEBUG    | services.eda_service:get_summary_statistics:305 - Özet istatistikler hesaplandı: 500 müşteri
2026-05-09 10:24:15 | DEBUG    | services.eda_service:create_correlation_heatmap:80 - Korelasyon ısı haritası oluşturuldu
2026-05-09 10:24:15 | DEBUG    | services.eda_service:create_distribution_histograms:138 - Dağılım histogramları oluşturuldu
2026-05-09 10:24:15 | DEBUG    | services.eda_service:create_churn_boxplots:192 - Boxplot grafikleri oluşturuldu
2026-05-09 10:24:15 | DEBUG    | services.eda_service:create_churn_rate_by_category:277 - Kategorik churn oranı grafiği oluşturuldu
2026-05-09 10:24:16 | DEBUG    | services.eda_service:create_categorical_analysis:224 - Kategorik çapraz analiz (sunburst) oluşturuldu
2026-05-09 10:24:16 | INFO     | services.model_metrics_service:compute_all_metrics:76 - Model metrikleri hesaplandı — F1: 1.0000, ROC-AUC: 1.0000
2026-05-09 10:24:16 | INFO     | services.fairness_service:compute_group_churn_rates:66 - Gender bazlı churn oranları hesaplandı
2026-05-09 10:24:16 | INFO     | services.fairness_service:compute_disparate_impact:107 - Disparate Impact (Gender): 1.0036 (✅ Hedef karşılandı)
2026-05-09 10:24:16 | INFO     | services.fairness_service:compute_group_churn_rates:66 - Geography bazlı churn oranları hesaplandı
2026-05-09 10:24:16 | INFO     | services.fairness_service:compute_disparate_impact:107 - Disparate Impact (Geography): 1.2494 (❌ Hedef karşılanmadı)
2026-05-09 10:24:16 | INFO     | services.fairness_service:compute_group_churn_rates:66 - Gender bazlı churn oranları hesaplandı
2026-05-09 10:24:16 | INFO     | services.fairness_service:compute_disparate_impact:107 - Disparate Impact (Gender): 1.0036 (✅ Hedef karşılandı)
2026-05-09 10:24:16 | INFO     | services.fairness_service:compute_group_churn_rates:66 - Geography bazlı churn oranları hesaplandı
2026-05-09 10:24:16 | INFO     | services.fairness_service:compute_disparate_impact:107 - Disparate Impact (Geography): 1.2494 (❌ Hedef karşılanmadı)
2026-05-09 10:24:18 | DEBUG    | services.eda_service:get_summary_statistics:305 - Özet istatistikler hesaplandı: 500 müşteri
2026-05-09 10:24:18 | DEBUG    | services.eda_service:create_correlation_heatmap:80 - Korelasyon ısı haritası oluşturuldu
2026-05-09 10:24:18 | DEBUG    | services.eda_service:create_distribution_histograms:138 - Dağılım histogramları oluşturuldu
2026-05-09 10:24:18 | DEBUG    | services.eda_service:create_churn_boxplots:192 - Boxplot grafikleri oluşturuldu
2026-05-09 10:24:18 | DEBUG    | services.eda_service:create_churn_rate_by_category:277 - Kategorik churn oranı grafiği oluşturuldu
2026-05-09 10:24:19 | DEBUG    | services.eda_service:create_categorical_analysis:224 - Kategorik çapraz analiz (sunburst) oluşturuldu
2026-05-09 10:24:19 | INFO     | services.model_metrics_service:compute_all_metrics:76 - Model metrikleri hesaplandı — F1: 1.0000, ROC-AUC: 1.0000
2026-05-09 10:24:19 | INFO     | services.fairness_service:compute_group_churn_rates:66 - Gender bazlı churn oranları hesaplandı
2026-05-09 10:24:19 | INFO     | services.fairness_service:compute_disparate_impact:107 - Disparate Impact (Gender): 1.0036 (✅ Hedef karşılandı)
2026-05-09 10:24:19 | INFO     | services.fairness_service:compute_group_churn_rates:66 - Geography bazlı churn oranları hesaplandı
2026-05-09 10:24:19 | INFO     | services.fairness_service:compute_disparate_impact:107 - Disparate Impact (Geography): 1.2494 (❌ Hedef karşılanmadı)
2026-05-09 10:24:19 | INFO     | services.fairness_service:compute_group_churn_rates:66 - Gender bazlı churn oranları hesaplandı
2026-05-09 10:24:19 | INFO     | services.fairness_service:compute_disparate_impact:107 - Disparate Impact (Gender): 1.0036 (✅ Hedef karşılandı)
2026-05-09 10:24:19 | INFO     | services.fairness_service:compute_group_churn_rates:66 - Geography bazlı churn oranları hesaplandı
2026-05-09 10:24:19 | INFO     | services.fairness_service:compute_disparate_impact:107 - Disparate Impact (Geography): 1.2494 (❌ Hedef karşılanmadı)
2026-05-09 10:24:21 | DEBUG    | services.eda_service:get_summary_statistics:305 - Özet istatistikler hesaplandı: 500 müşteri
2026-05-09 10:24:21 | DEBUG    | services.eda_service:create_correlation_heatmap:80 - Korelasyon ısı haritası oluşturuldu
2026-05-09 10:24:21 | DEBUG    | services.eda_service:create_distribution_histograms:138 - Dağılım histogramları oluşturuldu
2026-05-09 10:24:21 | DEBUG    | services.eda_service:create_churn_boxplots:192 - Boxplot grafikleri oluşturuldu
2026-05-09 10:24:21 | DEBUG    | services.eda_service:create_churn_rate_by_category:277 - Kategorik churn oranı grafiği oluşturuldu
2026-05-09 10:24:22 | DEBUG    | services.eda_service:create_categorical_analysis:224 - Kategorik çapraz analiz (sunburst) oluşturuldu
2026-05-09 10:24:22 | INFO     | services.model_metrics_service:compute_all_metrics:76 - Model metrikleri hesaplandı — F1: 1.0000, ROC-AUC: 1.0000
2026-05-09 10:24:22 | INFO     | services.fairness_service:compute_group_churn_rates:66 - Gender bazlı churn oranları hesaplandı
2026-05-09 10:24:22 | INFO     | services.fairness_service:compute_disparate_impact:107 - Disparate Impact (Gender): 1.0036 (✅ Hedef karşılandı)
2026-05-09 10:24:22 | INFO     | services.fairness_service:compute_group_churn_rates:66 - Geography bazlı churn oranları hesaplandı
2026-05-09 10:24:22 | INFO     | services.fairness_service:compute_disparate_impact:107 - Disparate Impact (Geography): 1.2494 (❌ Hedef karşılanmadı)
2026-05-09 10:24:22 | INFO     | services.fairness_service:compute_group_churn_rates:66 - Gender bazlı churn oranları hesaplandı
2026-05-09 10:24:22 | INFO     | services.fairness_service:compute_disparate_impact:107 - Disparate Impact (Gender): 1.0036 (✅ Hedef karşılandı)
2026-05-09 10:24:22 | INFO     | services.fairness_service:compute_group_churn_rates:66 - Geography bazlı churn oranları hesaplandı
2026-05-09 10:24:22 | INFO     | services.fairness_service:compute_disparate_impact:107 - Disparate Impact (Geography): 1.2494 (❌ Hedef karşılanmadı)
2026-05-09 10:24:27 | DEBUG    | services.eda_service:get_summary_statistics:305 - Özet istatistikler hesaplandı: 500 müşteri
2026-05-09 10:24:27 | DEBUG    | services.eda_service:create_correlation_heatmap:80 - Korelasyon ısı haritası oluşturuldu
2026-05-09 10:24:27 | DEBUG    | services.eda_service:create_distribution_histograms:138 - Dağılım histogramları oluşturuldu
2026-05-09 10:24:28 | DEBUG    | services.eda_service:get_summary_statistics:305 - Özet istatistikler hesaplandı: 500 müşteri
2026-05-09 10:24:28 | DEBUG    | services.eda_service:create_correlation_heatmap:80 - Korelasyon ısı haritası oluşturuldu
2026-05-09 10:24:28 | DEBUG    | services.eda_service:create_distribution_histograms:138 - Dağılım histogramları oluşturuldu
2026-05-09 10:24:28 | DEBUG    | services.eda_service:create_churn_boxplots:192 - Boxplot grafikleri oluşturuldu
2026-05-09 10:24:29 | DEBUG    | services.eda_service:create_churn_rate_by_category:277 - Kategorik churn oranı grafiği oluşturuldu
2026-05-09 10:24:29 | DEBUG    | services.eda_service:create_categorical_analysis:224 - Kategorik çapraz analiz (sunburst) oluşturuldu
2026-05-09 10:24:29 | INFO     | services.model_metrics_service:compute_all_metrics:76 - Model metrikleri hesaplandı — F1: 1.0000, ROC-AUC: 1.0000
2026-05-09 10:24:30 | INFO     | services.fairness_service:compute_group_churn_rates:66 - Gender bazlı churn oranları hesaplandı
2026-05-09 10:24:30 | INFO     | services.fairness_service:compute_disparate_impact:107 - Disparate Impact (Gender): 1.0036 (✅ Hedef karşılandı)
2026-05-09 10:24:30 | INFO     | services.fairness_service:compute_group_churn_rates:66 - Geography bazlı churn oranları hesaplandı
2026-05-09 10:24:30 | INFO     | services.fairness_service:compute_disparate_impact:107 - Disparate Impact (Geography): 1.2494 (❌ Hedef karşılanmadı)
2026-05-09 10:24:30 | INFO     | services.fairness_service:compute_group_churn_rates:66 - Gender bazlı churn oranları hesaplandı
2026-05-09 10:24:30 | INFO     | services.fairness_service:compute_disparate_impact:107 - Disparate Impact (Gender): 1.0036 (✅ Hedef karşılandı)
2026-05-09 10:24:30 | INFO     | services.fairness_service:compute_group_churn_rates:66 - Geography bazlı churn oranları hesaplandı
2026-05-09 10:24:30 | INFO     | services.fairness_service:compute_disparate_impact:107 - Disparate Impact (Geography): 1.2494 (❌ Hedef karşılanmadı)
2026-05-09 10:24:31 | INFO     | agents.churn_agent:assess_risk:54 - Risk değerlendirmesi: acil (prob=0.96)
2026-05-09 10:24:31 | DEBUG    | agents.churn_agent:select_channel:76 - İletişim kanalı seçildi: 📞 Telefon + 📧 E-posta (Müşteri Temsilcisi Ataması)
2026-05-09 10:24:31 | DEBUG    | services.customer_profile_service:create_shap_waterfall:137 - SHAP waterfall grafiği oluşturuldu
2026-05-09 10:24:32 | ERROR    | agents.churn_agent:generate_campaign:137 - Gemini hatası: module 'pyparsing' has no attribute 'DelimitedList'
2026-05-09 10:24:34 | INFO     | agents.churn_agent:generate_campaign:149 - Groq ile özel kampanya mesajı üretildi.
2026-05-09 10:24:34 | DEBUG    | agents.churn_agent:calculate_budget:191 - Bütçe hesaplandı: €500.0
2026-05-09 10:24:34 | INFO     | agents.churn_agent:run_agent:274 - Ajan akışı tamamlandı: Acil Elde Tutma Paketi (bütçe: €500)
2026-05-09 10:24:34 | DEBUG    | services.eda_service:get_summary_statistics:305 - Özet istatistikler hesaplandı: 500 müşteri
2026-05-09 10:24:34 | DEBUG    | services.eda_service:create_correlation_heatmap:80 - Korelasyon ısı haritası oluşturuldu
2026-05-09 10:24:34 | DEBUG    | services.eda_service:create_distribution_histograms:138 - Dağılım histogramları oluşturuldu
2026-05-09 10:24:34 | DEBUG    | services.eda_service:create_churn_boxplots:192 - Boxplot grafikleri oluşturuldu
2026-05-09 10:24:35 | DEBUG    | services.eda_service:create_churn_rate_by_category:277 - Kategorik churn oranı grafiği oluşturuldu
2026-05-09 10:24:35 | DEBUG    | services.eda_service:create_categorical_analysis:224 - Kategorik çapraz analiz (sunburst) oluşturuldu
2026-05-09 10:24:35 | INFO     | services.model_metrics_service:compute_all_metrics:76 - Model metrikleri hesaplandı — F1: 1.0000, ROC-AUC: 1.0000
2026-05-09 10:24:35 | INFO     | services.fairness_service:compute_group_churn_rates:66 - Gender bazlı churn oranları hesaplandı
2026-05-09 10:24:35 | INFO     | services.fairness_service:compute_disparate_impact:107 - Disparate Impact (Gender): 1.0036 (✅ Hedef karşılandı)
2026-05-09 10:24:35 | INFO     | services.fairness_service:compute_group_churn_rates:66 - Geography bazlı churn oranları hesaplandı
2026-05-09 10:24:35 | INFO     | services.fairness_service:compute_disparate_impact:107 - Disparate Impact (Geography): 1.2494 (❌ Hedef karşılanmadı)
2026-05-09 10:24:35 | INFO     | services.fairness_service:compute_group_churn_rates:66 - Gender bazlı churn oranları hesaplandı
2026-05-09 10:24:35 | INFO     | services.fairness_service:compute_disparate_impact:107 - Disparate Impact (Gender): 1.0036 (✅ Hedef karşılandı)
2026-05-09 10:24:35 | INFO     | services.fairness_service:compute_group_churn_rates:66 - Geography bazlı churn oranları hesaplandı
2026-05-09 10:24:35 | INFO     | services.fairness_service:compute_disparate_impact:107 - Disparate Impact (Geography): 1.2494 (❌ Hedef karşılanmadı)
2026-05-09 10:24:36 | DEBUG    | services.customer_profile_service:create_shap_waterfall:137 - SHAP waterfall grafiği oluşturuldu
2026-05-09 10:24:36 | DEBUG    | services.customer_profile_service:find_similar_customers:195 - 5 benzer müşteri bulundu
2026-05-09 16:07:59 | INFO     | api.ml_model:<module>:12 - Model başarıyla yüklendi. Özellik sayısı: 11
2026-05-09 16:08:03 | INFO     | agents.churn_agent:assess_risk:54 - Risk değerlendirmesi: acil (prob=0.75)
2026-05-09 16:08:03 | DEBUG    | agents.churn_agent:select_channel:76 - İletişim kanalı seçildi: 📞 Telefon + 📧 E-posta (Müşteri Temsilcisi Ataması)
2026-05-09 16:16:46 | INFO     | api.ml_model:load_api_model:30 - Model basariyla yuklendi. Ozellik sayisi: 11
2026-05-09 16:17:41 | INFO     | api.ml_model:load_api_model:30 - Model basariyla yuklendi. Ozellik sayisi: 11
2026-05-09 16:17:41 | INFO     | api.ml_model:load_api_model:30 - Model basariyla yuklendi. Ozellik sayisi: 11
2026-05-09 16:17:41 | INFO     | api.routers.predict_router:batch_predict_churn:119 - Toplu tahmin: 2 musteri, 1 yuksek riskli
2026-05-09 16:17:41 | DEBUG    | services.audit_service:log_event:51 - Denetim kaydı: batch_predict
2026-05-09 16:17:41 | INFO     | api.routers.predict_router:batch_predict_churn:119 - Toplu tahmin: 3 musteri, 1 yuksek riskli
2026-05-09 16:17:41 | DEBUG    | services.audit_service:log_event:51 - Denetim kaydı: batch_predict
2026-05-09 16:18:00 | INFO     | api.ml_model:load_api_model:30 - Model basariyla yuklendi. Ozellik sayisi: 11
2026-05-09 16:18:02 | INFO     | agents.churn_agent:assess_risk:54 - Risk değerlendirmesi: acil (prob=0.85)
2026-05-09 16:18:02 | DEBUG    | agents.churn_agent:select_channel:76 - İletişim kanalı seçildi: 📞 Telefon + 📧 E-posta (Müşteri Temsilcisi Ataması)
2026-05-09 16:20:02 | INFO     | api.ml_model:load_api_model:30 - Model basariyla yuklendi. Ozellik sayisi: 11
2026-05-09 16:20:04 | INFO     | agents.churn_agent:assess_risk:54 - Risk değerlendirmesi: acil (prob=0.85)
2026-05-09 16:20:04 | DEBUG    | agents.churn_agent:select_channel:76 - İletişim kanalı seçildi: 📞 Telefon + 📧 E-posta (Müşteri Temsilcisi Ataması)
2026-05-09 16:23:28 | INFO     | api.ml_model:load_api_model:30 - Model basariyla yuklendi. Ozellik sayisi: 11
2026-05-09 16:23:30 | INFO     | agents.churn_agent:assess_risk:54 - Risk değerlendirmesi: acil (prob=0.85)
2026-05-09 16:23:30 | DEBUG    | agents.churn_agent:select_channel:76 - İletişim kanalı seçildi: 📞 Telefon + 📧 E-posta (Müşteri Temsilcisi Ataması)
2026-05-09 16:23:30 | DEBUG    | agents.churn_agent:generate_campaign:108 - Müşteri profili olmadığı için LLM kampanya üretimi atlandı.
2026-05-09 16:23:30 | DEBUG    | agents.churn_agent:calculate_budget:195 - Bütçe hesaplandı: €500.0
2026-05-09 16:23:30 | INFO     | agents.churn_agent:run_agent:278 - Ajan akışı tamamlandı: Acil Elde Tutma Paketi (bütçe: €500)
2026-05-09 16:23:30 | INFO     | agents.churn_agent:assess_risk:54 - Risk değerlendirmesi: düşük (prob=0.15)
2026-05-09 16:23:30 | DEBUG    | agents.churn_agent:generate_campaign:108 - Müşteri profili olmadığı için LLM kampanya üretimi atlandı.
2026-05-09 16:23:30 | DEBUG    | agents.churn_agent:calculate_budget:195 - Bütçe hesaplandı: €25.0
2026-05-09 16:23:30 | INFO     | agents.churn_agent:run_agent:278 - Ajan akışı tamamlandı: Rutin İletişim (bütçe: €25)
2026-05-09 16:23:50 | INFO     | api.ml_model:load_api_model:30 - Model basariyla yuklendi. Ozellik sayisi: 11
2026-05-09 16:23:52 | INFO     | agents.churn_agent:assess_risk:54 - Risk değerlendirmesi: acil (prob=0.75)
2026-05-09 16:23:52 | DEBUG    | agents.churn_agent:select_channel:76 - İletişim kanalı seçildi: 📞 Telefon + 📧 E-posta (Müşteri Temsilcisi Ataması)
2026-05-09 16:23:52 | DEBUG    | agents.churn_agent:generate_campaign:108 - Müşteri profili olmadığı için LLM kampanya üretimi atlandı.
2026-05-09 16:23:52 | DEBUG    | agents.churn_agent:calculate_budget:195 - Bütçe hesaplandı: €500.0
2026-05-09 16:23:52 | INFO     | agents.churn_agent:run_agent:278 - Ajan akışı tamamlandı: Acil Elde Tutma Paketi (bütçe: €500)
2026-05-09 16:23:52 | INFO     | agents.churn_agent:assess_risk:54 - Risk değerlendirmesi: normal (prob=0.50)
2026-05-09 16:23:52 | DEBUG    | agents.churn_agent:select_channel:76 - İletişim kanalı seçildi: 📧 E-posta + 📱 Uygulama Bildirimi
2026-05-09 16:23:52 | DEBUG    | agents.churn_agent:generate_campaign:108 - Müşteri profili olmadığı için LLM kampanya üretimi atlandı.
2026-05-09 16:23:52 | DEBUG    | agents.churn_agent:calculate_budget:195 - Bütçe hesaplandı: €150.0
2026-05-09 16:23:52 | INFO     | agents.churn_agent:run_agent:278 - Ajan akışı tamamlandı: Sadakat Kampanyası (bütçe: €150)
2026-05-09 16:23:52 | INFO     | agents.churn_agent:assess_risk:54 - Risk değerlendirmesi: düşük (prob=0.20)
2026-05-09 16:23:52 | DEBUG    | agents.churn_agent:generate_campaign:108 - Müşteri profili olmadığı için LLM kampanya üretimi atlandı.
2026-05-09 16:23:52 | DEBUG    | agents.churn_agent:calculate_budget:195 - Bütçe hesaplandı: €25.0
2026-05-09 16:23:52 | INFO     | agents.churn_agent:run_agent:278 - Ajan akışı tamamlandı: Rutin İletişim (bütçe: €25)
2026-05-09 16:23:52 | INFO     | api.routers.predict_router:batch_predict_churn:119 - Toplu tahmin: 2 musteri, 1 yuksek riskli
2026-05-09 16:23:52 | DEBUG    | services.audit_service:log_event:51 - Denetim kaydı: batch_predict
2026-05-09 16:23:52 | INFO     | api.routers.predict_router:batch_predict_churn:119 - Toplu tahmin: 3 musteri, 1 yuksek riskli
2026-05-09 16:23:52 | DEBUG    | services.audit_service:log_event:51 - Denetim kaydı: batch_predict
2026-05-09 16:23:52 | WARNING  | services.eda_service:load_default_dataset:44 - Veri seti bulunamadı: olmayan_dosya.csv
2026-05-09 16:23:52 | DEBUG    | services.eda_service:create_correlation_heatmap:80 - Korelasyon ısı haritası oluşturuldu
2026-05-09 16:23:53 | DEBUG    | services.eda_service:create_distribution_histograms:138 - Dağılım histogramları oluşturuldu
2026-05-09 16:23:53 | DEBUG    | services.eda_service:get_summary_statistics:305 - Özet istatistikler hesaplandı: 3 müşteri
2026-05-09 16:23:53 | INFO     | agents.churn_agent:assess_risk:54 - Risk değerlendirmesi: acil (prob=0.85)
2026-05-09 16:23:53 | DEBUG    | agents.churn_agent:select_channel:76 - İletişim kanalı seçildi: 📞 Telefon + 📧 E-posta (Müşteri Temsilcisi Ataması)
2026-05-09 16:23:53 | DEBUG    | agents.churn_agent:generate_campaign:108 - Müşteri profili olmadığı için LLM kampanya üretimi atlandı.
2026-05-09 16:23:53 | DEBUG    | agents.churn_agent:calculate_budget:195 - Bütçe hesaplandı: €500.0
2026-05-09 16:23:53 | INFO     | agents.churn_agent:run_agent:278 - Ajan akışı tamamlandı: Acil Elde Tutma Paketi (bütçe: €500)
2026-05-09 16:23:53 | INFO     | agents.churn_agent:assess_risk:54 - Risk değerlendirmesi: düşük (prob=0.15)
2026-05-09 16:23:53 | DEBUG    | agents.churn_agent:generate_campaign:108 - Müşteri profili olmadığı için LLM kampanya üretimi atlandı.
2026-05-09 16:23:53 | DEBUG    | agents.churn_agent:calculate_budget:195 - Bütçe hesaplandı: €25.0
2026-05-09 16:23:53 | INFO     | agents.churn_agent:run_agent:278 - Ajan akışı tamamlandı: Rutin İletişim (bütçe: €25)
2026-05-09 16:23:53 | INFO     | services.model_metrics_service:compute_all_metrics:76 - Model metrikleri hesaplandı — F1: 0.6667, ROC-AUC: 1.0000
2026-05-09 16:23:53 | DEBUG    | services.segmentation_service:find_optimal_k:67 - Elbow grafiği oluşturuldu
2026-05-09 16:23:53 | INFO     | services.segmentation_service:perform_segmentation:100 - Segmentasyon tamamlandı: 3 küme, 50 müşteri
2026-05-09 16:23:53 | INFO     | services.segmentation_service:perform_segmentation:100 - Segmentasyon tamamlandı: 2 küme, 50 müşteri
2026-05-09 16:23:53 | DEBUG    | services.segmentation_service:create_segment_summary_table:228 - Segment özet tablosu oluşturuldu
2026-05-09 16:23:53 | INFO     | services.drift_service:analyze_drift:123 - Drift analizi tamamlandı: 2 özellik analiz edildi
2026-05-09 16:23:53 | INFO     | services.data_privacy:detect_pii_columns:52 - Tespit edilen kişisel veri sütunları: ['Surname', 'CustomerId']
2026-05-09 16:23:53 | INFO     | services.data_privacy:detect_pii_columns:52 - Tespit edilen kişisel veri sütunları: ['Surname']
2026-05-09 16:23:53 | INFO     | services.data_privacy:anonymize_dataframe:113 - Anonimleştirme tamamlandı: 1 sütun maskelendi (yöntem: hash)
2026-05-09 16:23:53 | INFO     | services.data_privacy:detect_pii_columns:52 - Tespit edilen kişisel veri sütunları: ['Surname']
2026-05-09 16:23:53 | INFO     | services.data_privacy:anonymize_dataframe:113 - Anonimleştirme tamamlandı: 1 sütun maskelendi (yöntem: redact)
2026-05-09 16:23:53 | INFO     | services.data_privacy:detect_pii_columns:52 - Tespit edilen kişisel veri sütunları: ['Surname', 'CustomerId']
2026-05-09 16:23:53 | INFO     | services.data_privacy:anonymize_dataframe:113 - Anonimleştirme tamamlandı: 2 sütun maskelendi (yöntem: hash)
2026-05-09 16:23:53 | INFO     | services.data_privacy:detect_pii_columns:52 - Tespit edilen kişisel veri sütunları: ['Surname', 'CustomerId']
2026-05-09 16:23:53 | INFO     | services.data_privacy:generate_privacy_report:139 - Gizlilik raporu: 2 sütun maskelendi
2026-05-09 16:24:20 | INFO     | api.ml_model:load_api_model:30 - Model basariyla yuklendi. Ozellik sayisi: 11
2026-05-09 16:24:22 | INFO     | agents.churn_agent:assess_risk:54 - Risk değerlendirmesi: acil (prob=0.75)
2026-05-09 16:24:22 | DEBUG    | agents.churn_agent:select_channel:76 - İletişim kanalı seçildi: 📞 Telefon + 📧 E-posta (Müşteri Temsilcisi Ataması)
2026-05-09 16:24:22 | DEBUG    | agents.churn_agent:generate_campaign:108 - Müşteri profili olmadığı için LLM kampanya üretimi atlandı.
2026-05-09 16:24:22 | DEBUG    | agents.churn_agent:calculate_budget:195 - Bütçe hesaplandı: €500.0
2026-05-09 16:24:22 | INFO     | agents.churn_agent:run_agent:278 - Ajan akışı tamamlandı: Acil Elde Tutma Paketi (bütçe: €500)
2026-05-09 16:24:22 | INFO     | agents.churn_agent:assess_risk:54 - Risk değerlendirmesi: normal (prob=0.50)
2026-05-09 16:24:22 | DEBUG    | agents.churn_agent:select_channel:76 - İletişim kanalı seçildi: 📧 E-posta + 📱 Uygulama Bildirimi
2026-05-09 16:24:22 | DEBUG    | agents.churn_agent:generate_campaign:108 - Müşteri profili olmadığı için LLM kampanya üretimi atlandı.
2026-05-09 16:24:22 | DEBUG    | agents.churn_agent:calculate_budget:195 - Bütçe hesaplandı: €150.0
2026-05-09 16:24:22 | INFO     | agents.churn_agent:run_agent:278 - Ajan akışı tamamlandı: Sadakat Kampanyası (bütçe: €150)
2026-05-09 16:24:22 | INFO     | agents.churn_agent:assess_risk:54 - Risk değerlendirmesi: düşük (prob=0.20)
2026-05-09 16:24:22 | DEBUG    | agents.churn_agent:generate_campaign:108 - Müşteri profili olmadığı için LLM kampanya üretimi atlandı.
2026-05-09 16:24:22 | DEBUG    | agents.churn_agent:calculate_budget:195 - Bütçe hesaplandı: €25.0
2026-05-09 16:24:22 | INFO     | agents.churn_agent:run_agent:278 - Ajan akışı tamamlandı: Rutin İletişim (bütçe: €25)
2026-05-09 16:24:22 | INFO     | api.routers.predict_router:batch_predict_churn:119 - Toplu tahmin: 2 musteri, 1 yuksek riskli
2026-05-09 16:24:22 | DEBUG    | services.audit_service:log_event:51 - Denetim kaydı: batch_predict
2026-05-09 16:24:22 | INFO     | api.routers.predict_router:batch_predict_churn:119 - Toplu tahmin: 3 musteri, 1 yuksek riskli
2026-05-09 16:24:22 | DEBUG    | services.audit_service:log_event:51 - Denetim kaydı: batch_predict
2026-05-09 16:24:22 | WARNING  | services.eda_service:load_default_dataset:44 - Veri seti bulunamadı: olmayan_dosya.csv
2026-05-09 16:24:22 | DEBUG    | services.eda_service:create_correlation_heatmap:80 - Korelasyon ısı haritası oluşturuldu
2026-05-09 16:24:22 | DEBUG    | services.eda_service:create_distribution_histograms:138 - Dağılım histogramları oluşturuldu
2026-05-09 16:24:22 | DEBUG    | services.eda_service:get_summary_statistics:305 - Özet istatistikler hesaplandı: 3 müşteri
2026-05-09 16:24:22 | INFO     | agents.churn_agent:assess_risk:54 - Risk değerlendirmesi: acil (prob=0.85)
2026-05-09 16:24:22 | DEBUG    | agents.churn_agent:select_channel:76 - İletişim kanalı seçildi: 📞 Telefon + 📧 E-posta (Müşteri Temsilcisi Ataması)
2026-05-09 16:24:22 | DEBUG    | agents.churn_agent:generate_campaign:108 - Müşteri profili olmadığı için LLM kampanya üretimi atlandı.
2026-05-09 16:24:22 | DEBUG    | agents.churn_agent:calculate_budget:195 - Bütçe hesaplandı: €500.0
2026-05-09 16:24:22 | INFO     | agents.churn_agent:run_agent:278 - Ajan akışı tamamlandı: Acil Elde Tutma Paketi (bütçe: €500)
2026-05-09 16:24:22 | INFO     | agents.churn_agent:assess_risk:54 - Risk değerlendirmesi: düşük (prob=0.15)
2026-05-09 16:24:22 | DEBUG    | agents.churn_agent:generate_campaign:108 - Müşteri profili olmadığı için LLM kampanya üretimi atlandı.
2026-05-09 16:24:22 | DEBUG    | agents.churn_agent:calculate_budget:195 - Bütçe hesaplandı: €25.0
2026-05-09 16:24:22 | INFO     | agents.churn_agent:run_agent:278 - Ajan akışı tamamlandı: Rutin İletişim (bütçe: €25)
2026-05-09 16:24:23 | INFO     | services.model_metrics_service:compute_all_metrics:76 - Model metrikleri hesaplandı — F1: 0.6667, ROC-AUC: 1.0000
2026-05-09 16:24:23 | DEBUG    | services.segmentation_service:find_optimal_k:67 - Elbow grafiği oluşturuldu
2026-05-09 16:24:23 | INFO     | services.segmentation_service:perform_segmentation:100 - Segmentasyon tamamlandı: 3 küme, 50 müşteri
2026-05-09 16:24:23 | INFO     | services.segmentation_service:perform_segmentation:100 - Segmentasyon tamamlandı: 2 küme, 50 müşteri
2026-05-09 16:24:23 | DEBUG    | services.segmentation_service:create_segment_summary_table:228 - Segment özet tablosu oluşturuldu
2026-05-09 16:24:23 | INFO     | services.drift_service:analyze_drift:123 - Drift analizi tamamlandı: 2 özellik analiz edildi
2026-05-09 16:24:23 | INFO     | services.data_privacy:detect_pii_columns:52 - Tespit edilen kişisel veri sütunları: ['Surname', 'CustomerId']
2026-05-09 16:24:23 | INFO     | services.data_privacy:detect_pii_columns:52 - Tespit edilen kişisel veri sütunları: ['Surname']
2026-05-09 16:24:23 | INFO     | services.data_privacy:anonymize_dataframe:113 - Anonimleştirme tamamlandı: 1 sütun maskelendi (yöntem: hash)
2026-05-09 16:24:23 | INFO     | services.data_privacy:detect_pii_columns:52 - Tespit edilen kişisel veri sütunları: ['Surname']
2026-05-09 16:24:23 | INFO     | services.data_privacy:anonymize_dataframe:113 - Anonimleştirme tamamlandı: 1 sütun maskelendi (yöntem: redact)
2026-05-09 16:24:23 | INFO     | services.data_privacy:detect_pii_columns:52 - Tespit edilen kişisel veri sütunları: ['Surname', 'CustomerId']
2026-05-09 16:24:23 | INFO     | services.data_privacy:anonymize_dataframe:113 - Anonimleştirme tamamlandı: 2 sütun maskelendi (yöntem: hash)
2026-05-09 16:24:23 | INFO     | services.data_privacy:detect_pii_columns:52 - Tespit edilen kişisel veri sütunları: ['Surname', 'CustomerId']
2026-05-09 16:24:23 | INFO     | services.data_privacy:generate_privacy_report:139 - Gizlilik raporu: 2 sütun maskelendi
2026-05-09 16:24:47 | INFO     | api.ml_model:load_api_model:30 - Model basariyla yuklendi. Ozellik sayisi: 11
2026-05-09 16:24:49 | INFO     | agents.churn_agent:assess_risk:54 - Risk değerlendirmesi: acil (prob=0.75)
2026-05-09 16:24:49 | DEBUG    | agents.churn_agent:select_channel:76 - İletişim kanalı seçildi: 📞 Telefon + 📧 E-posta (Müşteri Temsilcisi Ataması)
2026-05-09 16:24:49 | DEBUG    | agents.churn_agent:generate_campaign:108 - Müşteri profili olmadığı için LLM kampanya üretimi atlandı.
2026-05-09 16:24:49 | DEBUG    | agents.churn_agent:calculate_budget:195 - Bütçe hesaplandı: €500.0
2026-05-09 16:24:49 | INFO     | agents.churn_agent:run_agent:278 - Ajan akışı tamamlandı: Acil Elde Tutma Paketi (bütçe: €500)
2026-05-09 16:24:49 | INFO     | agents.churn_agent:assess_risk:54 - Risk değerlendirmesi: normal (prob=0.50)
2026-05-09 16:24:49 | DEBUG    | agents.churn_agent:select_channel:76 - İletişim kanalı seçildi: 📧 E-posta + 📱 Uygulama Bildirimi
2026-05-09 16:24:49 | DEBUG    | agents.churn_agent:generate_campaign:108 - Müşteri profili olmadığı için LLM kampanya üretimi atlandı.
2026-05-09 16:24:49 | DEBUG    | agents.churn_agent:calculate_budget:195 - Bütçe hesaplandı: €150.0
2026-05-09 16:24:49 | INFO     | agents.churn_agent:run_agent:278 - Ajan akışı tamamlandı: Sadakat Kampanyası (bütçe: €150)
2026-05-09 16:24:49 | INFO     | agents.churn_agent:assess_risk:54 - Risk değerlendirmesi: düşük (prob=0.20)
2026-05-09 16:24:49 | DEBUG    | agents.churn_agent:generate_campaign:108 - Müşteri profili olmadığı için LLM kampanya üretimi atlandı.
2026-05-09 16:24:49 | DEBUG    | agents.churn_agent:calculate_budget:195 - Bütçe hesaplandı: €25.0
2026-05-09 16:24:49 | INFO     | agents.churn_agent:run_agent:278 - Ajan akışı tamamlandı: Rutin İletişim (bütçe: €25)
2026-05-09 16:24:49 | INFO     | api.routers.predict_router:batch_predict_churn:119 - Toplu tahmin: 2 musteri, 1 yuksek riskli
2026-05-09 16:24:49 | DEBUG    | services.audit_service:log_event:51 - Denetim kaydı: batch_predict
2026-05-09 16:24:49 | INFO     | api.routers.predict_router:batch_predict_churn:119 - Toplu tahmin: 3 musteri, 1 yuksek riskli
2026-05-09 16:24:49 | DEBUG    | services.audit_service:log_event:51 - Denetim kaydı: batch_predict
2026-05-09 16:24:50 | WARNING  | services.eda_service:load_default_dataset:44 - Veri seti bulunamadı: olmayan_dosya.csv
2026-05-09 16:24:50 | DEBUG    | services.eda_service:create_correlation_heatmap:80 - Korelasyon ısı haritası oluşturuldu
2026-05-09 16:24:50 | DEBUG    | services.eda_service:create_distribution_histograms:138 - Dağılım histogramları oluşturuldu
2026-05-09 16:24:50 | DEBUG    | services.eda_service:get_summary_statistics:305 - Özet istatistikler hesaplandı: 3 müşteri
2026-05-09 16:24:50 | INFO     | agents.churn_agent:assess_risk:54 - Risk değerlendirmesi: acil (prob=0.85)
2026-05-09 16:24:50 | DEBUG    | agents.churn_agent:select_channel:76 - İletişim kanalı seçildi: 📞 Telefon + 📧 E-posta (Müşteri Temsilcisi Ataması)
2026-05-09 16:24:50 | DEBUG    | agents.churn_agent:generate_campaign:108 - Müşteri profili olmadığı için LLM kampanya üretimi atlandı.
2026-05-09 16:24:50 | DEBUG    | agents.churn_agent:calculate_budget:195 - Bütçe hesaplandı: €500.0
2026-05-09 16:24:50 | INFO     | agents.churn_agent:run_agent:278 - Ajan akışı tamamlandı: Acil Elde Tutma Paketi (bütçe: €500)
2026-05-09 16:24:50 | INFO     | agents.churn_agent:assess_risk:54 - Risk değerlendirmesi: düşük (prob=0.15)
2026-05-09 16:24:50 | DEBUG    | agents.churn_agent:generate_campaign:108 - Müşteri profili olmadığı için LLM kampanya üretimi atlandı.
2026-05-09 16:24:50 | DEBUG    | agents.churn_agent:calculate_budget:195 - Bütçe hesaplandı: €25.0
2026-05-09 16:24:50 | INFO     | agents.churn_agent:run_agent:278 - Ajan akışı tamamlandı: Rutin İletişim (bütçe: €25)
2026-05-09 16:24:50 | INFO     | services.model_metrics_service:compute_all_metrics:76 - Model metrikleri hesaplandı — F1: 0.6667, ROC-AUC: 1.0000
2026-05-09 16:24:50 | DEBUG    | services.segmentation_service:find_optimal_k:67 - Elbow grafiği oluşturuldu
2026-05-09 16:24:50 | INFO     | services.segmentation_service:perform_segmentation:100 - Segmentasyon tamamlandı: 3 küme, 50 müşteri
2026-05-09 16:24:50 | INFO     | services.segmentation_service:perform_segmentation:100 - Segmentasyon tamamlandı: 2 küme, 50 müşteri
2026-05-09 16:24:51 | DEBUG    | services.segmentation_service:create_segment_summary_table:228 - Segment özet tablosu oluşturuldu
2026-05-09 16:24:51 | INFO     | services.drift_service:analyze_drift:123 - Drift analizi tamamlandı: 2 özellik analiz edildi
2026-05-09 16:24:51 | INFO     | services.data_privacy:detect_pii_columns:52 - Tespit edilen kişisel veri sütunları: ['Surname', 'CustomerId']
2026-05-09 16:24:51 | INFO     | services.data_privacy:detect_pii_columns:52 - Tespit edilen kişisel veri sütunları: ['Surname']
2026-05-09 16:24:51 | INFO     | services.data_privacy:anonymize_dataframe:113 - Anonimleştirme tamamlandı: 1 sütun maskelendi (yöntem: hash)
2026-05-09 16:24:51 | INFO     | services.data_privacy:detect_pii_columns:52 - Tespit edilen kişisel veri sütunları: ['Surname']
2026-05-09 16:24:51 | INFO     | services.data_privacy:anonymize_dataframe:113 - Anonimleştirme tamamlandı: 1 sütun maskelendi (yöntem: redact)
2026-05-09 16:24:51 | INFO     | services.data_privacy:detect_pii_columns:52 - Tespit edilen kişisel veri sütunları: ['Surname', 'CustomerId']
2026-05-09 16:24:51 | INFO     | services.data_privacy:anonymize_dataframe:113 - Anonimleştirme tamamlandı: 2 sütun maskelendi (yöntem: hash)
2026-05-09 16:24:51 | INFO     | services.data_privacy:detect_pii_columns:52 - Tespit edilen kişisel veri sütunları: ['Surname', 'CustomerId']
2026-05-09 16:24:51 | INFO     | services.data_privacy:generate_privacy_report:139 - Gizlilik raporu: 2 sütun maskelendi
2026-05-09 16:25:18 | INFO     | api.ml_model:load_api_model:30 - Model basariyla yuklendi. Ozellik sayisi: 11
2026-05-09 16:25:21 | INFO     | agents.churn_agent:assess_risk:54 - Risk değerlendirmesi: acil (prob=0.75)
2026-05-09 16:25:21 | DEBUG    | agents.churn_agent:select_channel:76 - İletişim kanalı seçildi: 📞 Telefon + 📧 E-posta (Müşteri Temsilcisi Ataması)
2026-05-09 16:25:21 | DEBUG    | agents.churn_agent:generate_campaign:108 - Müşteri profili olmadığı için LLM kampanya üretimi atlandı.
2026-05-09 16:25:21 | DEBUG    | agents.churn_agent:calculate_budget:195 - Bütçe hesaplandı: €500.0
2026-05-09 16:25:21 | INFO     | agents.churn_agent:run_agent:278 - Ajan akışı tamamlandı: Acil Elde Tutma Paketi (bütçe: €500)
2026-05-09 16:25:21 | INFO     | agents.churn_agent:assess_risk:54 - Risk değerlendirmesi: normal (prob=0.50)
2026-05-09 16:25:21 | DEBUG    | agents.churn_agent:select_channel:76 - İletişim kanalı seçildi: 📧 E-posta + 📱 Uygulama Bildirimi
2026-05-09 16:25:21 | DEBUG    | agents.churn_agent:generate_campaign:108 - Müşteri profili olmadığı için LLM kampanya üretimi atlandı.
2026-05-09 16:25:21 | DEBUG    | agents.churn_agent:calculate_budget:195 - Bütçe hesaplandı: €150.0
2026-05-09 16:25:21 | INFO     | agents.churn_agent:run_agent:278 - Ajan akışı tamamlandı: Sadakat Kampanyası (bütçe: €150)
2026-05-09 16:25:21 | INFO     | agents.churn_agent:assess_risk:54 - Risk değerlendirmesi: düşük (prob=0.20)
2026-05-09 16:25:21 | DEBUG    | agents.churn_agent:generate_campaign:108 - Müşteri profili olmadığı için LLM kampanya üretimi atlandı.
2026-05-09 16:25:21 | DEBUG    | agents.churn_agent:calculate_budget:195 - Bütçe hesaplandı: €25.0
2026-05-09 16:25:21 | INFO     | agents.churn_agent:run_agent:278 - Ajan akışı tamamlandı: Rutin İletişim (bütçe: €25)
2026-05-09 16:25:21 | INFO     | api.routers.predict_router:batch_predict_churn:119 - Toplu tahmin: 2 musteri, 1 yuksek riskli
2026-05-09 16:25:21 | DEBUG    | services.audit_service:log_event:51 - Denetim kaydı: batch_predict
2026-05-09 16:25:21 | INFO     | api.routers.predict_router:batch_predict_churn:119 - Toplu tahmin: 3 musteri, 1 yuksek riskli
2026-05-09 16:25:21 | DEBUG    | services.audit_service:log_event:51 - Denetim kaydı: batch_predict
2026-05-09 16:25:21 | WARNING  | services.eda_service:load_default_dataset:44 - Veri seti bulunamadı: olmayan_dosya.csv
2026-05-09 16:25:21 | DEBUG    | services.eda_service:create_correlation_heatmap:80 - Korelasyon ısı haritası oluşturuldu
2026-05-09 16:25:21 | DEBUG    | services.eda_service:create_distribution_histograms:138 - Dağılım histogramları oluşturuldu
2026-05-09 16:25:21 | DEBUG    | services.eda_service:get_summary_statistics:305 - Özet istatistikler hesaplandı: 3 müşteri
2026-05-09 16:25:21 | INFO     | agents.churn_agent:assess_risk:54 - Risk değerlendirmesi: acil (prob=0.85)
2026-05-09 16:25:21 | DEBUG    | agents.churn_agent:select_channel:76 - İletişim kanalı seçildi: 📞 Telefon + 📧 E-posta (Müşteri Temsilcisi Ataması)
2026-05-09 16:25:21 | DEBUG    | agents.churn_agent:generate_campaign:108 - Müşteri profili olmadığı için LLM kampanya üretimi atlandı.
2026-05-09 16:25:21 | DEBUG    | agents.churn_agent:calculate_budget:195 - Bütçe hesaplandı: €500.0
2026-05-09 16:25:21 | INFO     | agents.churn_agent:run_agent:278 - Ajan akışı tamamlandı: Acil Elde Tutma Paketi (bütçe: €500)
2026-05-09 16:25:21 | INFO     | agents.churn_agent:assess_risk:54 - Risk değerlendirmesi: düşük (prob=0.15)
2026-05-09 16:25:21 | DEBUG    | agents.churn_agent:generate_campaign:108 - Müşteri profili olmadığı için LLM kampanya üretimi atlandı.
2026-05-09 16:25:21 | DEBUG    | agents.churn_agent:calculate_budget:195 - Bütçe hesaplandı: €25.0
2026-05-09 16:25:21 | INFO     | agents.churn_agent:run_agent:278 - Ajan akışı tamamlandı: Rutin İletişim (bütçe: €25)
2026-05-09 16:25:21 | INFO     | services.model_metrics_service:compute_all_metrics:76 - Model metrikleri hesaplandı — F1: 0.6667, ROC-AUC: 1.0000
2026-05-09 16:25:22 | DEBUG    | services.segmentation_service:find_optimal_k:67 - Elbow grafiği oluşturuldu
2026-05-09 16:25:22 | INFO     | services.segmentation_service:perform_segmentation:100 - Segmentasyon tamamlandı: 3 küme, 50 müşteri
2026-05-09 16:25:22 | INFO     | services.segmentation_service:perform_segmentation:100 - Segmentasyon tamamlandı: 2 küme, 50 müşteri
2026-05-09 16:25:22 | DEBUG    | services.segmentation_service:create_segment_summary_table:228 - Segment özet tablosu oluşturuldu
2026-05-09 16:25:22 | INFO     | services.drift_service:analyze_drift:123 - Drift analizi tamamlandı: 2 özellik analiz edildi
2026-05-09 16:25:22 | INFO     | services.data_privacy:detect_pii_columns:52 - Tespit edilen kişisel veri sütunları: ['Surname', 'CustomerId']
2026-05-09 16:25:22 | INFO     | services.data_privacy:detect_pii_columns:52 - Tespit edilen kişisel veri sütunları: ['Surname']
2026-05-09 16:25:22 | INFO     | services.data_privacy:anonymize_dataframe:113 - Anonimleştirme tamamlandı: 1 sütun maskelendi (yöntem: hash)
2026-05-09 16:25:22 | INFO     | services.data_privacy:detect_pii_columns:52 - Tespit edilen kişisel veri sütunları: ['Surname']
2026-05-09 16:25:22 | INFO     | services.data_privacy:anonymize_dataframe:113 - Anonimleştirme tamamlandı: 1 sütun maskelendi (yöntem: redact)
2026-05-09 16:25:22 | INFO     | services.data_privacy:detect_pii_columns:52 - Tespit edilen kişisel veri sütunları: ['Surname', 'CustomerId']
2026-05-09 16:25:22 | INFO     | services.data_privacy:anonymize_dataframe:113 - Anonimleştirme tamamlandı: 2 sütun maskelendi (yöntem: hash)
2026-05-09 16:25:22 | INFO     | services.data_privacy:detect_pii_columns:52 - Tespit edilen kişisel veri sütunları: ['Surname', 'CustomerId']
2026-05-09 16:25:22 | INFO     | services.data_privacy:generate_privacy_report:139 - Gizlilik raporu: 2 sütun maskelendi
2026-05-09 16:25:22 | DEBUG    | services.audit_service:log_event:51 - Denetim kaydı: test_event
2026-05-09 16:25:22 | DEBUG    | services.audit_service:log_event:51 - Denetim kaydı: login
2026-05-09 16:25:22 | DEBUG    | services.audit_service:log_event:51 - Denetim kaydı: predict
2026-05-09 16:25:22 | DEBUG    | services.audit_service:log_event:51 - Denetim kaydı: predict
2026-05-09 16:25:22 | DEBUG    | services.audit_service:log_event:51 - Denetim kaydı: test
2026-05-09 16:25:22 | INFO     | services.audit_service:clear_audit_log:124 - Denetim logu temizlendi
2026-05-09 16:30:52 | INFO     | api.ml_model:load_api_model:30 - Model basariyla yuklendi. Ozellik sayisi: 11
2026-05-09 16:30:55 | INFO     | agents.churn_agent:assess_risk:54 - Risk değerlendirmesi: acil (prob=0.75)
2026-05-09 16:30:55 | DEBUG    | agents.churn_agent:select_channel:76 - İletişim kanalı seçildi: 📞 Telefon + 📧 E-posta (Müşteri Temsilcisi Ataması)
2026-05-09 16:30:55 | DEBUG    | agents.churn_agent:generate_campaign:108 - Müşteri profili olmadığı için LLM kampanya üretimi atlandı.
2026-05-09 16:30:55 | DEBUG    | agents.churn_agent:calculate_budget:195 - Bütçe hesaplandı: €500.0
2026-05-09 16:30:55 | INFO     | agents.churn_agent:run_agent:278 - Ajan akışı tamamlandı: Acil Elde Tutma Paketi (bütçe: €500)
2026-05-09 16:30:55 | INFO     | agents.churn_agent:assess_risk:54 - Risk değerlendirmesi: normal (prob=0.50)
2026-05-09 16:30:55 | DEBUG    | agents.churn_agent:select_channel:76 - İletişim kanalı seçildi: 📧 E-posta + 📱 Uygulama Bildirimi
2026-05-09 16:30:55 | DEBUG    | agents.churn_agent:generate_campaign:108 - Müşteri profili olmadığı için LLM kampanya üretimi atlandı.
2026-05-09 16:30:55 | DEBUG    | agents.churn_agent:calculate_budget:195 - Bütçe hesaplandı: €150.0
2026-05-09 16:30:55 | INFO     | agents.churn_agent:run_agent:278 - Ajan akışı tamamlandı: Sadakat Kampanyası (bütçe: €150)
2026-05-09 16:30:55 | INFO     | agents.churn_agent:assess_risk:54 - Risk değerlendirmesi: düşük (prob=0.20)
2026-05-09 16:30:55 | DEBUG    | agents.churn_agent:generate_campaign:108 - Müşteri profili olmadığı için LLM kampanya üretimi atlandı.
2026-05-09 16:30:55 | DEBUG    | agents.churn_agent:calculate_budget:195 - Bütçe hesaplandı: €25.0
2026-05-09 16:30:55 | INFO     | agents.churn_agent:run_agent:278 - Ajan akışı tamamlandı: Rutin İletişim (bütçe: €25)
2026-05-09 16:30:55 | INFO     | api.routers.predict_router:batch_predict_churn:119 - Toplu tahmin: 2 musteri, 1 yuksek riskli
2026-05-09 16:30:55 | DEBUG    | services.audit_service:log_event:51 - Denetim kaydı: batch_predict
2026-05-09 16:30:55 | INFO     | api.routers.predict_router:batch_predict_churn:119 - Toplu tahmin: 3 musteri, 1 yuksek riskli
2026-05-09 16:30:55 | DEBUG    | services.audit_service:log_event:51 - Denetim kaydı: batch_predict
2026-05-09 16:30:55 | WARNING  | services.eda_service:load_default_dataset:44 - Veri seti bulunamadı: olmayan_dosya.csv
2026-05-09 16:30:55 | DEBUG    | services.eda_service:create_correlation_heatmap:80 - Korelasyon ısı haritası oluşturuldu
2026-05-09 16:30:55 | DEBUG    | services.eda_service:create_distribution_histograms:138 - Dağılım histogramları oluşturuldu
2026-05-09 16:30:55 | DEBUG    | services.eda_service:get_summary_statistics:305 - Özet istatistikler hesaplandı: 3 müşteri
2026-05-09 16:30:55 | INFO     | agents.churn_agent:assess_risk:54 - Risk değerlendirmesi: acil (prob=0.85)
2026-05-09 16:30:55 | DEBUG    | agents.churn_agent:select_channel:76 - İletişim kanalı seçildi: 📞 Telefon + 📧 E-posta (Müşteri Temsilcisi Ataması)
2026-05-09 16:30:55 | DEBUG    | agents.churn_agent:generate_campaign:108 - Müşteri profili olmadığı için LLM kampanya üretimi atlandı.
2026-05-09 16:30:55 | DEBUG    | agents.churn_agent:calculate_budget:195 - Bütçe hesaplandı: €500.0
2026-05-09 16:30:55 | INFO     | agents.churn_agent:run_agent:278 - Ajan akışı tamamlandı: Acil Elde Tutma Paketi (bütçe: €500)
2026-05-09 16:30:55 | INFO     | agents.churn_agent:assess_risk:54 - Risk değerlendirmesi: düşük (prob=0.15)
2026-05-09 16:30:55 | DEBUG    | agents.churn_agent:generate_campaign:108 - Müşteri profili olmadığı için LLM kampanya üretimi atlandı.
2026-05-09 16:30:55 | DEBUG    | agents.churn_agent:calculate_budget:195 - Bütçe hesaplandı: €25.0
2026-05-09 16:30:55 | INFO     | agents.churn_agent:run_agent:278 - Ajan akışı tamamlandı: Rutin İletişim (bütçe: €25)
2026-05-09 16:30:56 | INFO     | services.model_metrics_service:compute_all_metrics:76 - Model metrikleri hesaplandı — F1: 0.6667, ROC-AUC: 1.0000
2026-05-09 16:30:56 | DEBUG    | services.segmentation_service:find_optimal_k:67 - Elbow grafiği oluşturuldu
2026-05-09 16:30:56 | INFO     | services.segmentation_service:perform_segmentation:100 - Segmentasyon tamamlandı: 3 küme, 50 müşteri
2026-05-09 16:30:56 | INFO     | services.segmentation_service:perform_segmentation:100 - Segmentasyon tamamlandı: 2 küme, 50 müşteri
2026-05-09 16:30:56 | DEBUG    | services.segmentation_service:create_segment_summary_table:228 - Segment özet tablosu oluşturuldu
2026-05-09 16:30:56 | INFO     | services.drift_service:analyze_drift:123 - Drift analizi tamamlandı: 2 özellik analiz edildi
2026-05-09 16:30:56 | INFO     | services.data_privacy:detect_pii_columns:52 - Tespit edilen kişisel veri sütunları: ['Surname', 'CustomerId']
2026-05-09 16:30:56 | INFO     | services.data_privacy:detect_pii_columns:52 - Tespit edilen kişisel veri sütunları: ['Surname']
2026-05-09 16:30:56 | INFO     | services.data_privacy:anonymize_dataframe:113 - Anonimleştirme tamamlandı: 1 sütun maskelendi (yöntem: hash)
2026-05-09 16:30:56 | INFO     | services.data_privacy:detect_pii_columns:52 - Tespit edilen kişisel veri sütunları: ['Surname']
2026-05-09 16:30:56 | INFO     | services.data_privacy:anonymize_dataframe:113 - Anonimleştirme tamamlandı: 1 sütun maskelendi (yöntem: redact)
2026-05-09 16:30:56 | INFO     | services.data_privacy:detect_pii_columns:52 - Tespit edilen kişisel veri sütunları: ['Surname', 'CustomerId']
2026-05-09 16:30:56 | INFO     | services.data_privacy:anonymize_dataframe:113 - Anonimleştirme tamamlandı: 2 sütun maskelendi (yöntem: hash)
2026-05-09 16:30:56 | INFO     | services.data_privacy:detect_pii_columns:52 - Tespit edilen kişisel veri sütunları: ['Surname', 'CustomerId']
2026-05-09 16:30:56 | INFO     | services.data_privacy:generate_privacy_report:139 - Gizlilik raporu: 2 sütun maskelendi
2026-05-09 16:30:56 | DEBUG    | services.audit_service:log_event:51 - Denetim kaydı: test_event
2026-05-09 16:30:56 | DEBUG    | services.audit_service:log_event:51 - Denetim kaydı: login
2026-05-09 16:30:56 | DEBUG    | services.audit_service:log_event:51 - Denetim kaydı: predict
2026-05-09 16:30:56 | DEBUG    | services.audit_service:log_event:51 - Denetim kaydı: predict
2026-05-09 16:30:56 | DEBUG    | services.audit_service:log_event:51 - Denetim kaydı: test
2026-05-09 16:30:56 | INFO     | services.audit_service:clear_audit_log:124 - Denetim logu temizlendi
2026-05-09 16:33:58 | INFO     | api.ml_model:load_api_model:30 - Model basariyla yuklendi. Ozellik sayisi: 11
2026-05-09 16:34:00 | INFO     | agents.churn_agent:assess_risk:54 - Risk değerlendirmesi: acil (prob=0.75)
2026-05-09 16:34:00 | DEBUG    | agents.churn_agent:select_channel:76 - İletişim kanalı seçildi: 📞 Telefon + 📧 E-posta (Müşteri Temsilcisi Ataması)
2026-05-09 16:34:00 | DEBUG    | agents.churn_agent:generate_campaign:108 - Müşteri profili olmadığı için LLM kampanya üretimi atlandı.
2026-05-09 16:34:00 | DEBUG    | agents.churn_agent:calculate_budget:195 - Bütçe hesaplandı: €500.0
2026-05-09 16:34:00 | INFO     | agents.churn_agent:run_agent:278 - Ajan akışı tamamlandı: Acil Elde Tutma Paketi (bütçe: €500)
2026-05-09 16:34:00 | INFO     | agents.churn_agent:assess_risk:54 - Risk değerlendirmesi: normal (prob=0.50)
2026-05-09 16:34:00 | DEBUG    | agents.churn_agent:select_channel:76 - İletişim kanalı seçildi: 📧 E-posta + 📱 Uygulama Bildirimi
2026-05-09 16:34:00 | DEBUG    | agents.churn_agent:generate_campaign:108 - Müşteri profili olmadığı için LLM kampanya üretimi atlandı.
2026-05-09 16:34:00 | DEBUG    | agents.churn_agent:calculate_budget:195 - Bütçe hesaplandı: €150.0
2026-05-09 16:34:00 | INFO     | agents.churn_agent:run_agent:278 - Ajan akışı tamamlandı: Sadakat Kampanyası (bütçe: €150)
2026-05-09 16:34:00 | INFO     | agents.churn_agent:assess_risk:54 - Risk değerlendirmesi: düşük (prob=0.20)
2026-05-09 16:34:00 | DEBUG    | agents.churn_agent:generate_campaign:108 - Müşteri profili olmadığı için LLM kampanya üretimi atlandı.
2026-05-09 16:34:00 | DEBUG    | agents.churn_agent:calculate_budget:195 - Bütçe hesaplandı: €25.0
2026-05-09 16:34:00 | INFO     | agents.churn_agent:run_agent:278 - Ajan akışı tamamlandı: Rutin İletişim (bütçe: €25)
2026-05-09 16:34:00 | INFO     | api.routers.predict_router:batch_predict_churn:119 - Toplu tahmin: 2 musteri, 1 yuksek riskli
2026-05-09 16:34:00 | DEBUG    | services.audit_service:log_event:51 - Denetim kaydı: batch_predict
2026-05-09 16:34:00 | INFO     | api.routers.predict_router:batch_predict_churn:119 - Toplu tahmin: 3 musteri, 1 yuksek riskli
2026-05-09 16:34:00 | DEBUG    | services.audit_service:log_event:51 - Denetim kaydı: batch_predict
2026-05-09 16:34:00 | WARNING  | services.eda_service:load_default_dataset:44 - Veri seti bulunamadı: olmayan_dosya.csv
2026-05-09 16:34:00 | DEBUG    | services.eda_service:create_correlation_heatmap:80 - Korelasyon ısı haritası oluşturuldu
2026-05-09 16:34:01 | DEBUG    | services.eda_service:create_distribution_histograms:138 - Dağılım histogramları oluşturuldu
2026-05-09 16:34:01 | DEBUG    | services.eda_service:get_summary_statistics:305 - Özet istatistikler hesaplandı: 3 müşteri
2026-05-09 16:34:01 | INFO     | agents.churn_agent:assess_risk:54 - Risk değerlendirmesi: acil (prob=0.85)
2026-05-09 16:34:01 | DEBUG    | agents.churn_agent:select_channel:76 - İletişim kanalı seçildi: 📞 Telefon + 📧 E-posta (Müşteri Temsilcisi Ataması)
2026-05-09 16:34:01 | DEBUG    | agents.churn_agent:generate_campaign:108 - Müşteri profili olmadığı için LLM kampanya üretimi atlandı.
2026-05-09 16:34:01 | DEBUG    | agents.churn_agent:calculate_budget:195 - Bütçe hesaplandı: €500.0
2026-05-09 16:34:01 | INFO     | agents.churn_agent:run_agent:278 - Ajan akışı tamamlandı: Acil Elde Tutma Paketi (bütçe: €500)
2026-05-09 16:34:01 | INFO     | agents.churn_agent:assess_risk:54 - Risk değerlendirmesi: düşük (prob=0.15)
2026-05-09 16:34:01 | DEBUG    | agents.churn_agent:generate_campaign:108 - Müşteri profili olmadığı için LLM kampanya üretimi atlandı.
2026-05-09 16:34:01 | DEBUG    | agents.churn_agent:calculate_budget:195 - Bütçe hesaplandı: €25.0
2026-05-09 16:34:01 | INFO     | agents.churn_agent:run_agent:278 - Ajan akışı tamamlandı: Rutin İletişim (bütçe: €25)
2026-05-09 16:34:01 | INFO     | services.model_metrics_service:compute_all_metrics:76 - Model metrikleri hesaplandı — F1: 0.6667, ROC-AUC: 1.0000
2026-05-09 16:34:01 | DEBUG    | services.segmentation_service:find_optimal_k:67 - Elbow grafiği oluşturuldu
2026-05-09 16:34:01 | INFO     | services.segmentation_service:perform_segmentation:100 - Segmentasyon tamamlandı: 3 küme, 50 müşteri
2026-05-09 16:34:01 | INFO     | services.segmentation_service:perform_segmentation:100 - Segmentasyon tamamlandı: 2 küme, 50 müşteri
2026-05-09 16:34:01 | DEBUG    | services.segmentation_service:create_segment_summary_table:228 - Segment özet tablosu oluşturuldu
2026-05-09 16:34:01 | INFO     | services.drift_service:analyze_drift:123 - Drift analizi tamamlandı: 2 özellik analiz edildi
2026-05-09 16:34:01 | INFO     | services.data_privacy:detect_pii_columns:52 - Tespit edilen kişisel veri sütunları: ['Surname', 'CustomerId']
2026-05-09 16:34:01 | INFO     | services.data_privacy:detect_pii_columns:52 - Tespit edilen kişisel veri sütunları: ['Surname']
2026-05-09 16:34:01 | INFO     | services.data_privacy:anonymize_dataframe:113 - Anonimleştirme tamamlandı: 1 sütun maskelendi (yöntem: hash)
2026-05-09 16:34:01 | INFO     | services.data_privacy:detect_pii_columns:52 - Tespit edilen kişisel veri sütunları: ['Surname']
2026-05-09 16:34:01 | INFO     | services.data_privacy:anonymize_dataframe:113 - Anonimleştirme tamamlandı: 1 sütun maskelendi (yöntem: redact)
2026-05-09 16:34:01 | INFO     | services.data_privacy:detect_pii_columns:52 - Tespit edilen kişisel veri sütunları: ['Surname', 'CustomerId']
2026-05-09 16:34:01 | INFO     | services.data_privacy:anonymize_dataframe:113 - Anonimleştirme tamamlandı: 2 sütun maskelendi (yöntem: hash)
2026-05-09 16:34:01 | INFO     | services.data_privacy:detect_pii_columns:52 - Tespit edilen kişisel veri sütunları: ['Surname', 'CustomerId']
2026-05-09 16:34:01 | INFO     | services.data_privacy:generate_privacy_report:139 - Gizlilik raporu: 2 sütun maskelendi
2026-05-09 16:34:01 | DEBUG    | services.audit_service:log_event:51 - Denetim kaydı: test_event
2026-05-09 16:34:01 | DEBUG    | services.audit_service:log_event:51 - Denetim kaydı: login
2026-05-09 16:34:01 | DEBUG    | services.audit_service:log_event:51 - Denetim kaydı: predict
2026-05-09 16:34:01 | DEBUG    | services.audit_service:log_event:51 - Denetim kaydı: predict
2026-05-09 16:34:01 | DEBUG    | services.audit_service:log_event:51 - Denetim kaydı: test
2026-05-09 16:34:01 | INFO     | services.audit_service:clear_audit_log:124 - Denetim logu temizlendi
2026-05-09 16:37:09 | INFO     | api.ml_model:load_api_model:30 - Model basariyla yuklendi. Ozellik sayisi: 11
2026-05-09 16:37:11 | INFO     | agents.churn_agent:assess_risk:54 - Risk değerlendirmesi: acil (prob=0.75)
2026-05-09 16:37:11 | DEBUG    | agents.churn_agent:select_channel:76 - İletişim kanalı seçildi: 📞 Telefon + 📧 E-posta (Müşteri Temsilcisi Ataması)
2026-05-09 16:37:11 | DEBUG    | agents.churn_agent:generate_campaign:108 - Müşteri profili olmadığı için LLM kampanya üretimi atlandı.
2026-05-09 16:37:11 | DEBUG    | agents.churn_agent:calculate_budget:195 - Bütçe hesaplandı: €500.0
2026-05-09 16:37:11 | INFO     | agents.churn_agent:run_agent:278 - Ajan akışı tamamlandı: Acil Elde Tutma Paketi (bütçe: €500)
2026-05-09 16:37:11 | INFO     | agents.churn_agent:assess_risk:54 - Risk değerlendirmesi: normal (prob=0.50)
2026-05-09 16:37:11 | DEBUG    | agents.churn_agent:select_channel:76 - İletişim kanalı seçildi: 📧 E-posta + 📱 Uygulama Bildirimi
2026-05-09 16:37:11 | DEBUG    | agents.churn_agent:generate_campaign:108 - Müşteri profili olmadığı için LLM kampanya üretimi atlandı.
2026-05-09 16:37:11 | DEBUG    | agents.churn_agent:calculate_budget:195 - Bütçe hesaplandı: €150.0
2026-05-09 16:37:11 | INFO     | agents.churn_agent:run_agent:278 - Ajan akışı tamamlandı: Sadakat Kampanyası (bütçe: €150)
2026-05-09 16:37:11 | INFO     | agents.churn_agent:assess_risk:54 - Risk değerlendirmesi: düşük (prob=0.20)
2026-05-09 16:37:11 | DEBUG    | agents.churn_agent:generate_campaign:108 - Müşteri profili olmadığı için LLM kampanya üretimi atlandı.
2026-05-09 16:37:11 | DEBUG    | agents.churn_agent:calculate_budget:195 - Bütçe hesaplandı: €25.0
2026-05-09 16:37:11 | INFO     | agents.churn_agent:run_agent:278 - Ajan akışı tamamlandı: Rutin İletişim (bütçe: €25)
2026-05-09 16:37:11 | INFO     | api.routers.predict_router:batch_predict_churn:119 - Toplu tahmin: 2 musteri, 1 yuksek riskli
2026-05-09 16:37:11 | DEBUG    | services.audit_service:log_event:51 - Denetim kaydı: batch_predict
2026-05-09 16:37:11 | INFO     | api.routers.predict_router:batch_predict_churn:119 - Toplu tahmin: 3 musteri, 1 yuksek riskli
2026-05-09 16:37:11 | DEBUG    | services.audit_service:log_event:51 - Denetim kaydı: batch_predict
2026-05-09 16:37:12 | WARNING  | services.eda_service:load_default_dataset:44 - Veri seti bulunamadı: olmayan_dosya.csv
2026-05-09 16:37:12 | DEBUG    | services.eda_service:create_correlation_heatmap:80 - Korelasyon ısı haritası oluşturuldu
2026-05-09 16:37:12 | DEBUG    | services.eda_service:create_distribution_histograms:138 - Dağılım histogramları oluşturuldu
2026-05-09 16:37:12 | DEBUG    | services.eda_service:get_summary_statistics:305 - Özet istatistikler hesaplandı: 3 müşteri
2026-05-09 16:37:12 | INFO     | agents.churn_agent:assess_risk:54 - Risk değerlendirmesi: acil (prob=0.85)
2026-05-09 16:37:12 | DEBUG    | agents.churn_agent:select_channel:76 - İletişim kanalı seçildi: 📞 Telefon + 📧 E-posta (Müşteri Temsilcisi Ataması)
2026-05-09 16:37:12 | DEBUG    | agents.churn_agent:generate_campaign:108 - Müşteri profili olmadığı için LLM kampanya üretimi atlandı.
2026-05-09 16:37:12 | DEBUG    | agents.churn_agent:calculate_budget:195 - Bütçe hesaplandı: €500.0
2026-05-09 16:37:12 | INFO     | agents.churn_agent:run_agent:278 - Ajan akışı tamamlandı: Acil Elde Tutma Paketi (bütçe: €500)
2026-05-09 16:37:12 | INFO     | agents.churn_agent:assess_risk:54 - Risk değerlendirmesi: düşük (prob=0.15)
2026-05-09 16:37:12 | DEBUG    | agents.churn_agent:generate_campaign:108 - Müşteri profili olmadığı için LLM kampanya üretimi atlandı.
2026-05-09 16:37:12 | DEBUG    | agents.churn_agent:calculate_budget:195 - Bütçe hesaplandı: €25.0
2026-05-09 16:37:12 | INFO     | agents.churn_agent:run_agent:278 - Ajan akışı tamamlandı: Rutin İletişim (bütçe: €25)
2026-05-09 16:37:12 | INFO     | services.model_metrics_service:compute_all_metrics:76 - Model metrikleri hesaplandı — F1: 0.6667, ROC-AUC: 1.0000
2026-05-09 16:37:13 | DEBUG    | services.segmentation_service:find_optimal_k:67 - Elbow grafiği oluşturuldu
2026-05-09 16:37:13 | INFO     | services.segmentation_service:perform_segmentation:100 - Segmentasyon tamamlandı: 3 küme, 50 müşteri
2026-05-09 16:37:13 | INFO     | services.segmentation_service:perform_segmentation:100 - Segmentasyon tamamlandı: 2 küme, 50 müşteri
2026-05-09 16:37:13 | DEBUG    | services.segmentation_service:create_segment_summary_table:228 - Segment özet tablosu oluşturuldu
2026-05-09 16:37:13 | INFO     | services.drift_service:analyze_drift:123 - Drift analizi tamamlandı: 2 özellik analiz edildi
2026-05-09 16:37:13 | INFO     | services.data_privacy:detect_pii_columns:52 - Tespit edilen kişisel veri sütunları: ['Surname', 'CustomerId']
2026-05-09 16:37:13 | INFO     | services.data_privacy:detect_pii_columns:52 - Tespit edilen kişisel veri sütunları: ['Surname']
2026-05-09 16:37:13 | INFO     | services.data_privacy:anonymize_dataframe:113 - Anonimleştirme tamamlandı: 1 sütun maskelendi (yöntem: hash)
2026-05-09 16:37:13 | INFO     | services.data_privacy:detect_pii_columns:52 - Tespit edilen kişisel veri sütunları: ['Surname']
2026-05-09 16:37:13 | INFO     | services.data_privacy:anonymize_dataframe:113 - Anonimleştirme tamamlandı: 1 sütun maskelendi (yöntem: redact)
2026-05-09 16:37:13 | INFO     | services.data_privacy:detect_pii_columns:52 - Tespit edilen kişisel veri sütunları: ['Surname', 'CustomerId']
2026-05-09 16:37:13 | INFO     | services.data_privacy:anonymize_dataframe:113 - Anonimleştirme tamamlandı: 2 sütun maskelendi (yöntem: hash)
2026-05-09 16:37:13 | INFO     | services.data_privacy:detect_pii_columns:52 - Tespit edilen kişisel veri sütunları: ['Surname', 'CustomerId']
2026-05-09 16:37:13 | INFO     | services.data_privacy:generate_privacy_report:139 - Gizlilik raporu: 2 sütun maskelendi
2026-05-09 16:37:13 | DEBUG    | services.audit_service:log_event:51 - Denetim kaydı: test_event
2026-05-09 16:37:13 | DEBUG    | services.audit_service:log_event:51 - Denetim kaydı: login
2026-05-09 16:37:13 | DEBUG    | services.audit_service:log_event:51 - Denetim kaydı: predict
2026-05-09 16:37:13 | DEBUG    | services.audit_service:log_event:51 - Denetim kaydı: predict
2026-05-09 16:37:13 | DEBUG    | services.audit_service:log_event:51 - Denetim kaydı: test
2026-05-09 16:37:13 | INFO     | services.audit_service:clear_audit_log:124 - Denetim logu temizlendi
2026-05-09 16:40:05 | INFO     | api.ml_model:load_api_model:30 - Model basariyla yuklendi. Ozellik sayisi: 11
2026-05-09 16:40:07 | INFO     | agents.churn_agent:assess_risk:54 - Risk değerlendirmesi: acil (prob=0.75)
2026-05-09 16:40:07 | DEBUG    | agents.churn_agent:select_channel:76 - İletişim kanalı seçildi: 📞 Telefon + 📧 E-posta (Müşteri Temsilcisi Ataması)
2026-05-09 16:40:07 | DEBUG    | agents.churn_agent:generate_campaign:108 - Müşteri profili olmadığı için LLM kampanya üretimi atlandı.
2026-05-09 16:40:07 | DEBUG    | agents.churn_agent:calculate_budget:195 - Bütçe hesaplandı: €500.0
2026-05-09 16:40:07 | INFO     | agents.churn_agent:run_agent:278 - Ajan akışı tamamlandı: Acil Elde Tutma Paketi (bütçe: €500)
2026-05-09 16:40:07 | INFO     | agents.churn_agent:assess_risk:54 - Risk değerlendirmesi: normal (prob=0.50)
2026-05-09 16:40:07 | DEBUG    | agents.churn_agent:select_channel:76 - İletişim kanalı seçildi: 📧 E-posta + 📱 Uygulama Bildirimi
2026-05-09 16:40:07 | DEBUG    | agents.churn_agent:generate_campaign:108 - Müşteri profili olmadığı için LLM kampanya üretimi atlandı.
2026-05-09 16:40:07 | DEBUG    | agents.churn_agent:calculate_budget:195 - Bütçe hesaplandı: €150.0
2026-05-09 16:40:07 | INFO     | agents.churn_agent:run_agent:278 - Ajan akışı tamamlandı: Sadakat Kampanyası (bütçe: €150)
2026-05-09 16:40:07 | INFO     | agents.churn_agent:assess_risk:54 - Risk değerlendirmesi: düşük (prob=0.20)
2026-05-09 16:40:07 | DEBUG    | agents.churn_agent:generate_campaign:108 - Müşteri profili olmadığı için LLM kampanya üretimi atlandı.
2026-05-09 16:40:07 | DEBUG    | agents.churn_agent:calculate_budget:195 - Bütçe hesaplandı: €25.0
2026-05-09 16:40:07 | INFO     | agents.churn_agent:run_agent:278 - Ajan akışı tamamlandı: Rutin İletişim (bütçe: €25)
2026-05-09 16:40:07 | INFO     | api.routers.predict_router:batch_predict_churn:119 - Toplu tahmin: 2 musteri, 1 yuksek riskli
2026-05-09 16:40:07 | DEBUG    | services.audit_service:log_event:51 - Denetim kaydı: batch_predict
2026-05-09 16:40:07 | INFO     | api.routers.predict_router:batch_predict_churn:119 - Toplu tahmin: 3 musteri, 1 yuksek riskli
2026-05-09 16:40:07 | DEBUG    | services.audit_service:log_event:51 - Denetim kaydı: batch_predict
2026-05-09 16:40:08 | WARNING  | services.eda_service:load_default_dataset:44 - Veri seti bulunamadı: olmayan_dosya.csv
2026-05-09 16:40:08 | DEBUG    | services.eda_service:create_correlation_heatmap:80 - Korelasyon ısı haritası oluşturuldu
2026-05-09 16:40:08 | DEBUG    | services.eda_service:create_distribution_histograms:138 - Dağılım histogramları oluşturuldu
2026-05-09 16:40:08 | DEBUG    | services.eda_service:get_summary_statistics:305 - Özet istatistikler hesaplandı: 3 müşteri
2026-05-09 16:40:08 | INFO     | agents.churn_agent:assess_risk:54 - Risk değerlendirmesi: acil (prob=0.85)
2026-05-09 16:40:08 | DEBUG    | agents.churn_agent:select_channel:76 - İletişim kanalı seçildi: 📞 Telefon + 📧 E-posta (Müşteri Temsilcisi Ataması)
2026-05-09 16:40:08 | DEBUG    | agents.churn_agent:generate_campaign:108 - Müşteri profili olmadığı için LLM kampanya üretimi atlandı.
2026-05-09 16:40:08 | DEBUG    | agents.churn_agent:calculate_budget:195 - Bütçe hesaplandı: €500.0
2026-05-09 16:40:08 | INFO     | agents.churn_agent:run_agent:278 - Ajan akışı tamamlandı: Acil Elde Tutma Paketi (bütçe: €500)
2026-05-09 16:40:08 | INFO     | agents.churn_agent:assess_risk:54 - Risk değerlendirmesi: düşük (prob=0.15)
2026-05-09 16:40:08 | DEBUG    | agents.churn_agent:generate_campaign:108 - Müşteri profili olmadığı için LLM kampanya üretimi atlandı.
2026-05-09 16:40:08 | DEBUG    | agents.churn_agent:calculate_budget:195 - Bütçe hesaplandı: €25.0
2026-05-09 16:40:08 | INFO     | agents.churn_agent:run_agent:278 - Ajan akışı tamamlandı: Rutin İletişim (bütçe: €25)
2026-05-09 16:40:08 | INFO     | services.model_metrics_service:compute_all_metrics:76 - Model metrikleri hesaplandı — F1: 0.6667, ROC-AUC: 1.0000
2026-05-09 16:40:08 | DEBUG    | services.segmentation_service:find_optimal_k:67 - Elbow grafiği oluşturuldu
2026-05-09 16:40:08 | INFO     | services.segmentation_service:perform_segmentation:100 - Segmentasyon tamamlandı: 3 küme, 50 müşteri
2026-05-09 16:40:08 | INFO     | services.segmentation_service:perform_segmentation:100 - Segmentasyon tamamlandı: 2 küme, 50 müşteri
2026-05-09 16:40:08 | DEBUG    | services.segmentation_service:create_segment_summary_table:228 - Segment özet tablosu oluşturuldu
2026-05-09 16:40:08 | INFO     | services.drift_service:analyze_drift:123 - Drift analizi tamamlandı: 2 özellik analiz edildi
2026-05-09 16:40:08 | INFO     | services.data_privacy:detect_pii_columns:52 - Tespit edilen kişisel veri sütunları: ['Surname', 'CustomerId']
2026-05-09 16:40:08 | INFO     | services.data_privacy:detect_pii_columns:52 - Tespit edilen kişisel veri sütunları: ['Surname']
2026-05-09 16:40:08 | INFO     | services.data_privacy:anonymize_dataframe:113 - Anonimleştirme tamamlandı: 1 sütun maskelendi (yöntem: hash)
2026-05-09 16:40:08 | INFO     | services.data_privacy:detect_pii_columns:52 - Tespit edilen kişisel veri sütunları: ['Surname']
2026-05-09 16:40:08 | INFO     | services.data_privacy:anonymize_dataframe:113 - Anonimleştirme tamamlandı: 1 sütun maskelendi (yöntem: redact)
2026-05-09 16:40:08 | INFO     | services.data_privacy:detect_pii_columns:52 - Tespit edilen kişisel veri sütunları: ['Surname', 'CustomerId']
2026-05-09 16:40:08 | INFO     | services.data_privacy:anonymize_dataframe:113 - Anonimleştirme tamamlandı: 2 sütun maskelendi (yöntem: hash)
2026-05-09 16:40:08 | INFO     | services.data_privacy:detect_pii_columns:52 - Tespit edilen kişisel veri sütunları: ['Surname', 'CustomerId']
2026-05-09 16:40:08 | INFO     | services.data_privacy:generate_privacy_report:139 - Gizlilik raporu: 2 sütun maskelendi
2026-05-09 16:40:08 | DEBUG    | services.audit_service:log_event:51 - Denetim kaydı: test_event
2026-05-09 16:40:08 | DEBUG    | services.audit_service:log_event:51 - Denetim kaydı: login
2026-05-09 16:40:08 | DEBUG    | services.audit_service:log_event:51 - Denetim kaydı: predict
2026-05-09 16:40:08 | DEBUG    | services.audit_service:log_event:51 - Denetim kaydı: predict
2026-05-09 16:40:08 | DEBUG    | services.audit_service:log_event:51 - Denetim kaydı: test
2026-05-09 16:40:08 | INFO     | services.audit_service:clear_audit_log:124 - Denetim logu temizlendi
2026-05-09 17:16:55 | INFO     | api.ml_model:load_api_model:30 - Model basariyla yuklendi. Ozellik sayisi: 11
2026-05-09 17:16:58 | INFO     | agents.churn_agent:assess_risk:54 - Risk değerlendirmesi: acil (prob=0.75)
2026-05-09 17:16:58 | DEBUG    | agents.churn_agent:select_channel:76 - İletişim kanalı seçildi: 📞 Telefon + 📧 E-posta (Müşteri Temsilcisi Ataması)
2026-05-09 17:16:58 | DEBUG    | agents.churn_agent:generate_campaign:108 - Müşteri profili olmadığı için LLM kampanya üretimi atlandı.
2026-05-09 17:16:58 | DEBUG    | agents.churn_agent:calculate_budget:195 - Bütçe hesaplandı: €500.0
2026-05-09 17:16:58 | INFO     | agents.churn_agent:run_agent:278 - Ajan akışı tamamlandı: Acil Elde Tutma Paketi (bütçe: €500)
2026-05-09 17:16:58 | INFO     | agents.churn_agent:assess_risk:54 - Risk değerlendirmesi: normal (prob=0.50)
2026-05-09 17:16:58 | DEBUG    | agents.churn_agent:select_channel:76 - İletişim kanalı seçildi: 📧 E-posta + 📱 Uygulama Bildirimi
2026-05-09 17:16:58 | DEBUG    | agents.churn_agent:generate_campaign:108 - Müşteri profili olmadığı için LLM kampanya üretimi atlandı.
2026-05-09 17:16:58 | DEBUG    | agents.churn_agent:calculate_budget:195 - Bütçe hesaplandı: €150.0
2026-05-09 17:16:58 | INFO     | agents.churn_agent:run_agent:278 - Ajan akışı tamamlandı: Sadakat Kampanyası (bütçe: €150)
2026-05-09 17:16:58 | INFO     | agents.churn_agent:assess_risk:54 - Risk değerlendirmesi: düşük (prob=0.20)
2026-05-09 17:16:58 | DEBUG    | agents.churn_agent:generate_campaign:108 - Müşteri profili olmadığı için LLM kampanya üretimi atlandı.
2026-05-09 17:16:59 | DEBUG    | agents.churn_agent:calculate_budget:195 - Bütçe hesaplandı: €25.0
2026-05-09 17:16:59 | INFO     | agents.churn_agent:run_agent:278 - Ajan akışı tamamlandı: Rutin İletişim (bütçe: €25)
2026-05-09 17:16:59 | INFO     | api.routers.predict_router:batch_predict_churn:119 - Toplu tahmin: 2 musteri, 1 yuksek riskli
2026-05-09 17:16:59 | DEBUG    | services.audit_service:log_event:51 - Denetim kaydı: batch_predict
2026-05-09 17:16:59 | INFO     | api.routers.predict_router:batch_predict_churn:119 - Toplu tahmin: 3 musteri, 1 yuksek riskli
2026-05-09 17:16:59 | DEBUG    | services.audit_service:log_event:51 - Denetim kaydı: batch_predict
2026-05-09 17:16:59 | WARNING  | services.eda_service:load_default_dataset:44 - Veri seti bulunamadı: olmayan_dosya.csv
2026-05-09 17:16:59 | DEBUG    | services.eda_service:create_correlation_heatmap:80 - Korelasyon ısı haritası oluşturuldu
2026-05-09 17:16:59 | DEBUG    | services.eda_service:create_distribution_histograms:138 - Dağılım histogramları oluşturuldu
2026-05-09 17:16:59 | DEBUG    | services.eda_service:get_summary_statistics:305 - Özet istatistikler hesaplandı: 3 müşteri
2026-05-09 17:16:59 | INFO     | agents.churn_agent:assess_risk:54 - Risk değerlendirmesi: acil (prob=0.85)
2026-05-09 17:16:59 | DEBUG    | agents.churn_agent:select_channel:76 - İletişim kanalı seçildi: 📞 Telefon + 📧 E-posta (Müşteri Temsilcisi Ataması)
2026-05-09 17:16:59 | DEBUG    | agents.churn_agent:generate_campaign:108 - Müşteri profili olmadığı için LLM kampanya üretimi atlandı.
2026-05-09 17:16:59 | DEBUG    | agents.churn_agent:calculate_budget:195 - Bütçe hesaplandı: €500.0
2026-05-09 17:16:59 | INFO     | agents.churn_agent:run_agent:278 - Ajan akışı tamamlandı: Acil Elde Tutma Paketi (bütçe: €500)
2026-05-09 17:16:59 | INFO     | agents.churn_agent:assess_risk:54 - Risk değerlendirmesi: düşük (prob=0.15)
2026-05-09 17:16:59 | DEBUG    | agents.churn_agent:generate_campaign:108 - Müşteri profili olmadığı için LLM kampanya üretimi atlandı.
2026-05-09 17:16:59 | DEBUG    | agents.churn_agent:calculate_budget:195 - Bütçe hesaplandı: €25.0
2026-05-09 17:16:59 | INFO     | agents.churn_agent:run_agent:278 - Ajan akışı tamamlandı: Rutin İletişim (bütçe: €25)
2026-05-09 17:16:59 | INFO     | services.model_metrics_service:compute_all_metrics:76 - Model metrikleri hesaplandı — F1: 0.6667, ROC-AUC: 1.0000
2026-05-09 17:17:00 | DEBUG    | services.segmentation_service:find_optimal_k:67 - Elbow grafiği oluşturuldu
2026-05-09 17:17:00 | INFO     | services.segmentation_service:perform_segmentation:100 - Segmentasyon tamamlandı: 3 küme, 50 müşteri
2026-05-09 17:17:00 | INFO     | services.segmentation_service:perform_segmentation:100 - Segmentasyon tamamlandı: 2 küme, 50 müşteri
2026-05-09 17:17:00 | DEBUG    | services.segmentation_service:create_segment_summary_table:228 - Segment özet tablosu oluşturuldu
2026-05-09 17:17:00 | INFO     | services.drift_service:analyze_drift:123 - Drift analizi tamamlandı: 2 özellik analiz edildi
2026-05-09 17:17:00 | INFO     | services.data_privacy:detect_pii_columns:52 - Tespit edilen kişisel veri sütunları: ['Surname', 'CustomerId']
2026-05-09 17:17:00 | INFO     | services.data_privacy:detect_pii_columns:52 - Tespit edilen kişisel veri sütunları: ['Surname']
2026-05-09 17:17:00 | INFO     | services.data_privacy:anonymize_dataframe:113 - Anonimleştirme tamamlandı: 1 sütun maskelendi (yöntem: hash)
2026-05-09 17:17:00 | INFO     | services.data_privacy:detect_pii_columns:52 - Tespit edilen kişisel veri sütunları: ['Surname']
2026-05-09 17:17:00 | INFO     | services.data_privacy:anonymize_dataframe:113 - Anonimleştirme tamamlandı: 1 sütun maskelendi (yöntem: redact)
2026-05-09 17:17:00 | INFO     | services.data_privacy:detect_pii_columns:52 - Tespit edilen kişisel veri sütunları: ['Surname', 'CustomerId']
2026-05-09 17:17:00 | INFO     | services.data_privacy:anonymize_dataframe:113 - Anonimleştirme tamamlandı: 2 sütun maskelendi (yöntem: hash)
2026-05-09 17:17:00 | INFO     | services.data_privacy:detect_pii_columns:52 - Tespit edilen kişisel veri sütunları: ['Surname', 'CustomerId']
2026-05-09 17:17:00 | INFO     | services.data_privacy:generate_privacy_report:139 - Gizlilik raporu: 2 sütun maskelendi
2026-05-09 17:17:00 | DEBUG    | services.audit_service:log_event:51 - Denetim kaydı: test_event
2026-05-09 17:17:00 | DEBUG    | services.audit_service:log_event:51 - Denetim kaydı: login
2026-05-09 17:17:00 | DEBUG    | services.audit_service:log_event:51 - Denetim kaydı: predict
2026-05-09 17:17:00 | DEBUG    | services.audit_service:log_event:51 - Denetim kaydı: predict
2026-05-09 17:17:00 | DEBUG    | services.audit_service:log_event:51 - Denetim kaydı: test
2026-05-09 17:17:00 | INFO     | services.audit_service:clear_audit_log:124 - Denetim logu temizlendi
2026-05-09 17:22:10 | INFO     | api.ml_model:load_api_model:30 - Model basariyla yuklendi. Ozellik sayisi: 11
2026-05-09 17:22:12 | INFO     | agents.churn_agent:assess_risk:54 - Risk değerlendirmesi: acil (prob=0.75)
2026-05-09 17:22:12 | DEBUG    | agents.churn_agent:select_channel:76 - İletişim kanalı seçildi: 📞 Telefon + 📧 E-posta (Müşteri Temsilcisi Ataması)
2026-05-09 17:22:12 | DEBUG    | agents.churn_agent:generate_campaign:108 - Müşteri profili olmadığı için LLM kampanya üretimi atlandı.
2026-05-09 17:22:12 | DEBUG    | agents.churn_agent:calculate_budget:195 - Bütçe hesaplandı: €500.0
2026-05-09 17:22:12 | INFO     | agents.churn_agent:run_agent:278 - Ajan akışı tamamlandı: Acil Elde Tutma Paketi (bütçe: €500)
2026-05-09 17:22:12 | INFO     | agents.churn_agent:assess_risk:54 - Risk değerlendirmesi: normal (prob=0.50)
2026-05-09 17:22:12 | DEBUG    | agents.churn_agent:select_channel:76 - İletişim kanalı seçildi: 📧 E-posta + 📱 Uygulama Bildirimi
2026-05-09 17:22:12 | DEBUG    | agents.churn_agent:generate_campaign:108 - Müşteri profili olmadığı için LLM kampanya üretimi atlandı.
2026-05-09 17:22:12 | DEBUG    | agents.churn_agent:calculate_budget:195 - Bütçe hesaplandı: €150.0
2026-05-09 17:22:12 | INFO     | agents.churn_agent:run_agent:278 - Ajan akışı tamamlandı: Sadakat Kampanyası (bütçe: €150)
2026-05-09 17:22:12 | INFO     | agents.churn_agent:assess_risk:54 - Risk değerlendirmesi: düşük (prob=0.20)
2026-05-09 17:22:12 | DEBUG    | agents.churn_agent:generate_campaign:108 - Müşteri profili olmadığı için LLM kampanya üretimi atlandı.
2026-05-09 17:22:12 | DEBUG    | agents.churn_agent:calculate_budget:195 - Bütçe hesaplandı: €25.0
2026-05-09 17:22:12 | INFO     | agents.churn_agent:run_agent:278 - Ajan akışı tamamlandı: Rutin İletişim (bütçe: €25)
2026-05-09 17:22:12 | INFO     | api.routers.predict_router:batch_predict_churn:119 - Toplu tahmin: 2 musteri, 1 yuksek riskli
2026-05-09 17:22:12 | DEBUG    | services.audit_service:log_event:51 - Denetim kaydı: batch_predict
2026-05-09 17:22:12 | INFO     | api.routers.predict_router:batch_predict_churn:119 - Toplu tahmin: 3 musteri, 1 yuksek riskli
2026-05-09 17:22:12 | DEBUG    | services.audit_service:log_event:51 - Denetim kaydı: batch_predict
2026-05-09 17:22:12 | WARNING  | services.eda_service:load_default_dataset:44 - Veri seti bulunamadı: olmayan_dosya.csv
2026-05-09 17:22:12 | DEBUG    | services.eda_service:create_correlation_heatmap:80 - Korelasyon ısı haritası oluşturuldu
2026-05-09 17:22:12 | DEBUG    | services.eda_service:create_distribution_histograms:138 - Dağılım histogramları oluşturuldu
2026-05-09 17:22:12 | DEBUG    | services.eda_service:get_summary_statistics:305 - Özet istatistikler hesaplandı: 3 müşteri
2026-05-09 17:22:12 | INFO     | agents.churn_agent:assess_risk:54 - Risk değerlendirmesi: acil (prob=0.85)
2026-05-09 17:22:12 | DEBUG    | agents.churn_agent:select_channel:76 - İletişim kanalı seçildi: 📞 Telefon + 📧 E-posta (Müşteri Temsilcisi Ataması)
2026-05-09 17:22:12 | DEBUG    | agents.churn_agent:generate_campaign:108 - Müşteri profili olmadığı için LLM kampanya üretimi atlandı.
2026-05-09 17:22:12 | DEBUG    | agents.churn_agent:calculate_budget:195 - Bütçe hesaplandı: €500.0
2026-05-09 17:22:12 | INFO     | agents.churn_agent:run_agent:278 - Ajan akışı tamamlandı: Acil Elde Tutma Paketi (bütçe: €500)
2026-05-09 17:22:12 | INFO     | agents.churn_agent:assess_risk:54 - Risk değerlendirmesi: düşük (prob=0.15)
2026-05-09 17:22:12 | DEBUG    | agents.churn_agent:generate_campaign:108 - Müşteri profili olmadığı için LLM kampanya üretimi atlandı.
2026-05-09 17:22:12 | DEBUG    | agents.churn_agent:calculate_budget:195 - Bütçe hesaplandı: €25.0
2026-05-09 17:22:12 | INFO     | agents.churn_agent:run_agent:278 - Ajan akışı tamamlandı: Rutin İletişim (bütçe: €25)
2026-05-09 17:22:12 | INFO     | services.model_metrics_service:compute_all_metrics:76 - Model metrikleri hesaplandı — F1: 0.6667, ROC-AUC: 1.0000
2026-05-09 17:22:13 | DEBUG    | services.segmentation_service:find_optimal_k:67 - Elbow grafiği oluşturuldu
2026-05-09 17:22:13 | INFO     | services.segmentation_service:perform_segmentation:100 - Segmentasyon tamamlandı: 3 küme, 50 müşteri
2026-05-09 17:22:13 | INFO     | services.segmentation_service:perform_segmentation:100 - Segmentasyon tamamlandı: 2 küme, 50 müşteri
2026-05-09 17:22:13 | DEBUG    | services.segmentation_service:create_segment_summary_table:228 - Segment özet tablosu oluşturuldu
2026-05-09 17:22:13 | INFO     | services.drift_service:analyze_drift:123 - Drift analizi tamamlandı: 2 özellik analiz edildi
2026-05-09 17:22:13 | INFO     | services.data_privacy:detect_pii_columns:52 - Tespit edilen kişisel veri sütunları: ['Surname', 'CustomerId']
2026-05-09 17:22:13 | INFO     | services.data_privacy:detect_pii_columns:52 - Tespit edilen kişisel veri sütunları: ['Surname']
2026-05-09 17:22:13 | INFO     | services.data_privacy:anonymize_dataframe:113 - Anonimleştirme tamamlandı: 1 sütun maskelendi (yöntem: hash)
2026-05-09 17:22:13 | INFO     | services.data_privacy:detect_pii_columns:52 - Tespit edilen kişisel veri sütunları: ['Surname']
2026-05-09 17:22:13 | INFO     | services.data_privacy:anonymize_dataframe:113 - Anonimleştirme tamamlandı: 1 sütun maskelendi (yöntem: redact)
2026-05-09 17:22:13 | INFO     | services.data_privacy:detect_pii_columns:52 - Tespit edilen kişisel veri sütunları: ['Surname', 'CustomerId']
2026-05-09 17:22:13 | INFO     | services.data_privacy:anonymize_dataframe:113 - Anonimleştirme tamamlandı: 2 sütun maskelendi (yöntem: hash)
2026-05-09 17:22:13 | INFO     | services.data_privacy:detect_pii_columns:52 - Tespit edilen kişisel veri sütunları: ['Surname', 'CustomerId']
2026-05-09 17:22:13 | INFO     | services.data_privacy:generate_privacy_report:139 - Gizlilik raporu: 2 sütun maskelendi
2026-05-09 17:22:13 | DEBUG    | services.audit_service:log_event:51 - Denetim kaydı: test_event
2026-05-09 17:22:13 | DEBUG    | services.audit_service:log_event:51 - Denetim kaydı: login
2026-05-09 17:22:13 | DEBUG    | services.audit_service:log_event:51 - Denetim kaydı: predict
2026-05-09 17:22:13 | DEBUG    | services.audit_service:log_event:51 - Denetim kaydı: predict
2026-05-09 17:22:13 | DEBUG    | services.audit_service:log_event:51 - Denetim kaydı: test
2026-05-09 17:22:13 | INFO     | services.audit_service:clear_audit_log:124 - Denetim logu temizlendi
2026-05-09 17:22:33 | INFO     | api.ml_model:load_api_model:30 - Model basariyla yuklendi. Ozellik sayisi: 11
2026-05-09 17:22:34 | INFO     | agents.churn_agent:assess_risk:54 - Risk değerlendirmesi: acil (prob=0.75)
2026-05-09 17:22:34 | DEBUG    | agents.churn_agent:select_channel:76 - İletişim kanalı seçildi: 📞 Telefon + 📧 E-posta (Müşteri Temsilcisi Ataması)
2026-05-09 17:22:34 | DEBUG    | agents.churn_agent:generate_campaign:108 - Müşteri profili olmadığı için LLM kampanya üretimi atlandı.
2026-05-09 17:22:34 | DEBUG    | agents.churn_agent:calculate_budget:195 - Bütçe hesaplandı: €500.0
2026-05-09 17:22:34 | INFO     | agents.churn_agent:run_agent:278 - Ajan akışı tamamlandı: Acil Elde Tutma Paketi (bütçe: €500)
2026-05-09 17:22:34 | INFO     | agents.churn_agent:assess_risk:54 - Risk değerlendirmesi: normal (prob=0.50)
2026-05-09 17:22:34 | DEBUG    | agents.churn_agent:select_channel:76 - İletişim kanalı seçildi: 📧 E-posta + 📱 Uygulama Bildirimi
2026-05-09 17:22:34 | DEBUG    | agents.churn_agent:generate_campaign:108 - Müşteri profili olmadığı için LLM kampanya üretimi atlandı.
2026-05-09 17:22:34 | DEBUG    | agents.churn_agent:calculate_budget:195 - Bütçe hesaplandı: €150.0
2026-05-09 17:22:34 | INFO     | agents.churn_agent:run_agent:278 - Ajan akışı tamamlandı: Sadakat Kampanyası (bütçe: €150)
2026-05-09 17:22:34 | INFO     | agents.churn_agent:assess_risk:54 - Risk değerlendirmesi: düşük (prob=0.20)
2026-05-09 17:22:34 | DEBUG    | agents.churn_agent:generate_campaign:108 - Müşteri profili olmadığı için LLM kampanya üretimi atlandı.
2026-05-09 17:22:34 | DEBUG    | agents.churn_agent:calculate_budget:195 - Bütçe hesaplandı: €25.0
2026-05-09 17:22:34 | INFO     | agents.churn_agent:run_agent:278 - Ajan akışı tamamlandı: Rutin İletişim (bütçe: €25)
2026-05-09 17:22:34 | INFO     | api.routers.predict_router:batch_predict_churn:119 - Toplu tahmin: 2 musteri, 1 yuksek riskli
2026-05-09 17:22:34 | DEBUG    | services.audit_service:log_event:51 - Denetim kaydı: batch_predict
2026-05-09 17:22:34 | INFO     | api.routers.predict_router:batch_predict_churn:119 - Toplu tahmin: 3 musteri, 1 yuksek riskli
2026-05-09 17:22:34 | DEBUG    | services.audit_service:log_event:51 - Denetim kaydı: batch_predict
2026-05-09 17:22:35 | WARNING  | services.eda_service:load_default_dataset:44 - Veri seti bulunamadı: olmayan_dosya.csv
2026-05-09 17:22:35 | DEBUG    | services.eda_service:create_correlation_heatmap:80 - Korelasyon ısı haritası oluşturuldu
2026-05-09 17:22:35 | DEBUG    | services.eda_service:create_distribution_histograms:138 - Dağılım histogramları oluşturuldu
2026-05-09 17:22:35 | DEBUG    | services.eda_service:get_summary_statistics:305 - Özet istatistikler hesaplandı: 3 müşteri
2026-05-09 17:22:35 | INFO     | agents.churn_agent:assess_risk:54 - Risk değerlendirmesi: acil (prob=0.85)
2026-05-09 17:22:35 | DEBUG    | agents.churn_agent:select_channel:76 - İletişim kanalı seçildi: 📞 Telefon + 📧 E-posta (Müşteri Temsilcisi Ataması)
2026-05-09 17:22:35 | DEBUG    | agents.churn_agent:generate_campaign:108 - Müşteri profili olmadığı için LLM kampanya üretimi atlandı.
2026-05-09 17:22:35 | DEBUG    | agents.churn_agent:calculate_budget:195 - Bütçe hesaplandı: €500.0
2026-05-09 17:22:35 | INFO     | agents.churn_agent:run_agent:278 - Ajan akışı tamamlandı: Acil Elde Tutma Paketi (bütçe: €500)
2026-05-09 17:22:35 | INFO     | agents.churn_agent:assess_risk:54 - Risk değerlendirmesi: düşük (prob=0.15)
2026-05-09 17:22:35 | DEBUG    | agents.churn_agent:generate_campaign:108 - Müşteri profili olmadığı için LLM kampanya üretimi atlandı.
2026-05-09 17:22:35 | DEBUG    | agents.churn_agent:calculate_budget:195 - Bütçe hesaplandı: €25.0
2026-05-09 17:22:35 | INFO     | agents.churn_agent:run_agent:278 - Ajan akışı tamamlandı: Rutin İletişim (bütçe: €25)
2026-05-09 17:22:35 | INFO     | services.model_metrics_service:compute_all_metrics:76 - Model metrikleri hesaplandı — F1: 0.6667, ROC-AUC: 1.0000
2026-05-09 17:22:35 | DEBUG    | services.segmentation_service:find_optimal_k:67 - Elbow grafiği oluşturuldu
2026-05-09 17:22:35 | INFO     | services.segmentation_service:perform_segmentation:100 - Segmentasyon tamamlandı: 3 küme, 50 müşteri
2026-05-09 17:22:35 | INFO     | services.segmentation_service:perform_segmentation:100 - Segmentasyon tamamlandı: 2 küme, 50 müşteri
2026-05-09 17:22:35 | DEBUG    | services.segmentation_service:create_segment_summary_table:228 - Segment özet tablosu oluşturuldu
2026-05-09 17:22:35 | INFO     | services.drift_service:analyze_drift:123 - Drift analizi tamamlandı: 2 özellik analiz edildi
2026-05-09 17:22:35 | INFO     | services.data_privacy:detect_pii_columns:52 - Tespit edilen kişisel veri sütunları: ['Surname', 'CustomerId']
2026-05-09 17:22:35 | INFO     | services.data_privacy:detect_pii_columns:52 - Tespit edilen kişisel veri sütunları: ['Surname']
2026-05-09 17:22:35 | INFO     | services.data_privacy:anonymize_dataframe:113 - Anonimleştirme tamamlandı: 1 sütun maskelendi (yöntem: hash)
2026-05-09 17:22:35 | INFO     | services.data_privacy:detect_pii_columns:52 - Tespit edilen kişisel veri sütunları: ['Surname']
2026-05-09 17:22:35 | INFO     | services.data_privacy:anonymize_dataframe:113 - Anonimleştirme tamamlandı: 1 sütun maskelendi (yöntem: redact)
2026-05-09 17:22:35 | INFO     | services.data_privacy:detect_pii_columns:52 - Tespit edilen kişisel veri sütunları: ['Surname', 'CustomerId']
2026-05-09 17:22:35 | INFO     | services.data_privacy:anonymize_dataframe:113 - Anonimleştirme tamamlandı: 2 sütun maskelendi (yöntem: hash)
2026-05-09 17:22:35 | INFO     | services.data_privacy:detect_pii_columns:52 - Tespit edilen kişisel veri sütunları: ['Surname', 'CustomerId']
2026-05-09 17:22:35 | INFO     | services.data_privacy:generate_privacy_report:139 - Gizlilik raporu: 2 sütun maskelendi
2026-05-09 17:22:35 | DEBUG    | services.audit_service:log_event:51 - Denetim kaydı: test_event
2026-05-09 17:22:35 | DEBUG    | services.audit_service:log_event:51 - Denetim kaydı: login
2026-05-09 17:22:35 | DEBUG    | services.audit_service:log_event:51 - Denetim kaydı: predict
2026-05-09 17:22:35 | DEBUG    | services.audit_service:log_event:51 - Denetim kaydı: predict
2026-05-09 17:22:35 | DEBUG    | services.audit_service:log_event:51 - Denetim kaydı: test
2026-05-09 17:22:35 | INFO     | services.audit_service:clear_audit_log:124 - Denetim logu temizlendi
2026-05-09 17:46:25 | INFO     | __main__:start_services:16 - Banka Churn Projesi Başlatılıyor...
2026-05-09 17:46:25 | INFO     | __main__:start_services:17 - =======================================
2026-05-09 17:46:25 | INFO     | __main__:start_services:20 - FastAPI (Backend API) başlatılıyor... (Port: 8000)
2026-05-09 17:46:28 | SUCCESS  | __main__:start_services:33 - FastAPI başarıyla başlatıldı: http://127.0.0.1:8000
2026-05-09 17:46:28 | INFO     | __main__:start_services:34 - API Dokümantasyonu (Swagger): http://127.0.0.1:8000/docs
2026-05-09 17:46:28 | INFO     | __main__:start_services:37 - Streamlit (Frontend Dashboard) başlatılıyor...
2026-05-09 17:46:28 | SUCCESS  | __main__:start_services:42 - TÜM SİSTEM AKTİF!
2026-05-09 17:46:28 | INFO     | __main__:start_services:43 - Uygulamayı kapatmak için terminalde CTRL+C tuşlarına basabilirsiniz.
2026-05-09 17:46:29 | INFO     | api.ml_model:load_api_model:30 - Model basariyla yuklendi. Ozellik sayisi: 11
2026-05-09 17:51:15 | INFO     | __main__:start_services:16 - Banka Churn Projesi Başlatılıyor...
2026-05-09 17:51:15 | INFO     | __main__:start_services:17 - =======================================
2026-05-09 17:51:15 | INFO     | __main__:start_services:20 - FastAPI (Backend API) başlatılıyor... (Port: 8000)
2026-05-09 17:51:18 | SUCCESS  | __main__:start_services:33 - FastAPI başarıyla başlatıldı: http://127.0.0.1:8000
2026-05-09 17:51:18 | INFO     | __main__:start_services:34 - API Dokümantasyonu (Swagger): http://127.0.0.1:8000/docs
2026-05-09 17:51:18 | INFO     | __main__:start_services:37 - Streamlit (Frontend Dashboard) başlatılıyor...
2026-05-09 17:51:18 | SUCCESS  | __main__:start_services:42 - TÜM SİSTEM AKTİF!
2026-05-09 17:51:18 | INFO     | __main__:start_services:43 - Uygulamayı kapatmak için terminalde CTRL+C tuşlarına basabilirsiniz.
2026-05-09 17:51:20 | INFO     | api.ml_model:load_api_model:30 - Model basariyla yuklendi. Ozellik sayisi: 11
